ISO;Country;Subject Descriptor;Units;Scale;Country/Series-specific Notes;1980;1981;1982;1983;1984;1985;1986;1987;1988;1989;1990;1991;1992;1993;1994;1995;1996;1997;1998;1999;2000;2001;2002;2003;2004;2005;2006;2007;2008;2009;2010;2011;2012;2013;2014;2015;2016;2017;2018;2019;2020;2021;2022;2023;2024;2025;2026;Estimates Start After
AFG;Afghanistan;Gross domestic product, current prices;U.S. dollars;Billions;See notes for:  Gross domestic product, current prices (National currency).;n/a;n/a;n/a;n/a;n/a;n/a;n/a;n/a;n/a;n/a;n/a;n/a;n/a;n/a;n/a;n/a;n/a;n/a;n/a;n/a;n/a;n/a;4.367;4.553;5.146;6.167;6.925;8.556;10.297;12.066;15.325;17.890;20.293;20.170;20.635;20.220;17.994;18.910;18.401;18.876;19.132;19.938;21.201;22.010;22.754;23.896;24.553;2019
ALB;Albania;Gross domestic product, current prices;U.S. dollars;Billions;See notes for:  Gross domestic product, current prices (National currency).;1.946;2.229;2.296;2.319;2.290;2.339;2.587;2.566;2.530;2.779;2.221;1.333;0.843;1.461;2.361;2.882;3.200;2.259;2.560;3.209;3.483;3.928;4.348;5.611;7.185;8.052;8.896;10.677;12.881;12.044;11.937;12.899;12.324;12.784;13.246;11.389;11.862;13.053;15.147;15.276;15.147;17.138;18.320;19.662;21.009;22.422;23.903;2019
DZA;Algeria;Gross domestic product, current prices;U.S. dollars;Billions;See notes for:  Gross domestic product, current prices (National currency).;42.346;44.372;44.780;47.529;51.513;61.132;61.535;63.300;51.664;52.558;61.892;46.670;49.217;50.963;42.426;42.066;46.941;48.178;48.188;48.845;54.749;54.745;56.761;67.864;85.327;103.198;117.027;134.977;171.001;137.054;161.207;200.251;209.059;209.755;213.810;165.979;160.034;170.207;175.367;171.070;144.294;151.459;150.135;150.035;150.530;151.906;153.802;2019
AGO;Angola;Gross domestic product, current prices;U.S. dollars;Billions;See notes for:  Gross domestic product, current prices (National currency).;6.639;6.214;6.214;6.476;6.864;8.457;7.918;9.050;9.818;11.421;12.571;12.186;9.395;6.819;4.965;6.197;7.994;9.388;7.958;7.526;11.166;10.930;15.286;17.813;23.552;36.971;52.381;65.266;88.539;70.307;83.799;111.790;128.053;136.710;145.712;116.194;101.124;122.124;105.902;89.603;62.440;66.493;68.532;72.894;78.231;84.371;89.816;2019
ATG;Antigua and Barbuda;Gross domestic product, current prices;U.S. dollars;Billions;See notes for:  Gross domestic product, current prices (National currency).;0.131;0.148;0.164;0.182;0.208;0.241;0.290;0.337;0.399;0.439;0.459;0.482;0.499;0.535;0.589;0.577;0.634;0.681;0.728;0.766;0.830;0.801;0.815;0.856;0.920;1.022;1.157;1.311;1.368;1.224;1.149;1.138;1.200;1.181;1.250;1.337;1.437;1.468;1.605;1.662;1.390;1.376;1.570;1.702;1.838;1.947;2.046;2019
ARG;Argentina;Gross domestic product, current prices;U.S. dollars;Billions;See notes for:  Gross domestic product, current prices (National currency).;233.696;189.802;94.250;116.267;130.544;98.599;118.565;121.561;142.386;91.352;158.024;211.979;255.787;264.429;287.835;288.497;304.282;327.436;334.244;316.998;317.759;300.421;112.458;142.431;164.911;199.273;232.892;287.921;363.545;334.633;424.729;527.644;579.666;611.471;563.614;642.464;556.774;643.861;517.244;444.458;388.279;418.150;434.809;453.965;472.945;491.106;509.762;2019
ARM;Armenia;Gross domestic product, current prices;U.S. dollars;Billions;See notes for:  Gross domestic product, current prices (National currency).;n/a;n/a;n/a;n/a;n/a;n/a;n/a;n/a;n/a;n/a;n/a;n/a;0.108;0.835;0.648;1.287;1.597;1.639;1.892;1.845;1.912;2.118;2.376;2.807;3.577;4.900;6.384;9.206;11.662;8.648;9.260;10.142;10.619;11.121;11.610;10.553;10.546;11.527;12.458;13.673;12.339;12.251;12.955;14.037;15.212;16.532;17.967;2019
ABW;Aruba;Gross domestic product, current prices;U.S. dollars;Billions;See notes for:  Gross domestic product, current prices (National currency).;n/a;n/a;n/a;n/a;n/a;n/a;n/a;n/a;n/a;n/a;n/a;n/a;n/a;n/a;n/a;1.321;1.380;1.532;1.665;1.723;1.873;1.896;1.962;2.044;2.255;2.360;2.470;2.678;2.843;2.554;2.454;2.638;2.615;2.728;2.791;2.963;2.984;3.092;3.202;3.342;2.458;2.582;2.948;3.269;3.590;3.746;3.879;2017
AUS;Australia;Gross domestic product, current prices;U.S. dollars;Billions;See notes for:  Gross domestic product, current prices (National currency).;162.628;188.067;186.709;179.151;196.777;174.067;181.147;212.712;270.594;307.720;323.397;323.783;317.475;308.755;352.564;378.136;423.544;425.536;380.614;411.059;399.101;376.714;424.425;539.562;656.735;734.057;781.291;947.890;1,055.507;998.928;1,251.853;1,513.684;1,569.319;1,518.427;1,457.388;1,234.823;1,266.268;1,385.194;1,421.303;1,391.536;1,359.326;1,617.543;1,693.021;1,772.975;1,848.922;1,929.056;2,017.317;2020
AUT;Austria;Gross domestic product, current prices;U.S. dollars;Billions;See notes for:  Gross domestic product, current prices (National currency).;80.923;70.121;70.111;71.032;67.007;68.624;97.375;121.771;133.591;133.263;166.866;174.435;195.506;190.383;203.970;241.234;237.343;213.045;218.557;217.475;197.377;197.510;214.243;262.208;301.321;316.267;336.298;389.231;432.005;401.323;392.595;431.609;409.661;430.197;442.699;382.010;395.728;417.091;455.301;445.125;428.622;481.796;514.956;537.758;560.561;582.126;604.261;2019
AZE;Azerbaijan;Gross domestic product, current prices;U.S. dollars;Billions;See notes for:  Gross domestic product, current prices (National currency).;n/a;n/a;n/a;n/a;n/a;n/a;n/a;n/a;n/a;n/a;n/a;n/a;1.193;1.309;2.258;2.417;3.177;3.963;4.280;4.581;5.273;5.475;6.232;7.276;8.682;13.273;21.027;33.090;48.979;44.289;52.913;65.990;69.687;74.160;75.240;50.844;37.830;41.375;47.113;48.048;42.607;49.914;50.861;52.314;54.190;56.379;58.818;2019
BHS;The Bahamas;Gross domestic product, current prices;U.S. dollars;Billions;See notes for:  Gross domestic product, current prices (National currency).;2.598;2.692;3.031;3.373;3.603;3.923;4.241;4.669;4.855;5.473;5.218;5.128;5.125;5.097;5.372;5.653;5.950;6.332;6.833;7.684;8.076;8.318;8.881;8.870;9.055;9.836;10.167;10.618;10.526;9.982;10.096;10.070;10.720;10.568;11.112;11.711;11.929;12.491;13.022;13.579;11.250;11.706;12.947;13.726;14.479;15.024;15.541;2019
BHR;Bahrain;Gross domestic product, current prices;U.S. dollars;Billions;See notes for:  Gross domestic product, current prices (National currency).;3.593;4.056;4.264;4.368;4.534;4.278;3.347;3.626;4.481;4.675;4.965;5.209;5.442;5.986;6.411;6.787;7.057;7.318;6.996;7.582;9.063;9.189;9.594;11.075;13.150;15.969;18.505;21.730;25.711;22.938;25.713;28.777;30.749;32.539;33.388;31.051;32.235;35.474;37.654;38.474;33.904;37.503;38.922;40.535;42.335;44.304;46.411;2019
BGD;Bangladesh;Gross domestic product, current prices;U.S. dollars;Billions;See notes for:  Gross domestic product, current prices (National currency).;n/a;22.353;20.930;20.274;22.744;24.442;25.138;27.521;29.612;32.289;34.831;36.036;36.718;37.050;39.386;43.969;47.025;48.935;51.158;53.109;54.348;54.502;55.759;60.108;65.666;69.461;71.815;79.617;91.630;102.478;115.279;128.605;133.304;150.026;172.887;195.147;221.398;249.695;273.300;302.396;329.120;352.908;391.314;430.730;470.788;514.572;561.904;2020
BRB;Barbados;Gross domestic product, current prices;U.S. dollars;Billions;See notes for:  Gross domestic product, current prices (National currency).;1.018;1.120;1.171;1.243;1.355;1.418;1.557;1.714;1.823;2.018;2.024;2.032;1.957;2.075;2.163;2.229;2.377;2.513;2.833;2.969;3.059;3.055;3.106;3.210;3.444;3.820;4.217;4.674;4.785;4.466;4.530;4.658;4.610;4.677;4.696;4.715;4.830;4.978;5.087;5.209;4.365;4.628;5.082;5.432;5.696;5.937;6.187;2019
BLR;Belarus;Gross domestic product, current prices;U.S. dollars;Billions;See notes for:  Gross domestic product, current prices (National currency).;n/a;n/a;n/a;n/a;n/a;n/a;n/a;n/a;n/a;n/a;n/a;n/a;12.800;11.408;15.687;10.532;14.494;14.091;15.215;12.133;10.785;12.778;15.092;18.420;23.928;31.239;38.219;46.815;62.798;50.855;57.220;61.368;65.669;75.496;78.736;56.329;47.703;54.723;60.011;64.414;60.201;60.725;62.563;64.392;66.988;69.370;71.956;2019
BEL;Belgium;Gross domestic product, current prices;U.S. dollars;Billions;See notes for:  Gross domestic product, current prices (National currency).;123.478;102.245;89.958;85.037;81.237;84.467;117.063;145.411;158.097;159.816;200.149;205.369;228.732;218.720;238.622;288.301;279.292;253.022;258.876;258.500;236.897;236.748;258.200;318.004;369.047;385.927;408.281;470.978;517.270;482.730;481.814;523.239;496.467;521.799;535.529;462.383;475.931;502.521;543.980;533.157;513.087;578.996;615.336;640.552;663.157;683.643;704.786;2020
BLZ;Belize;Gross domestic product, current prices;U.S. dollars;Billions;See notes for:  Gross domestic product, current prices (National currency).;0.172;0.179;0.179;0.189;0.211;0.209;0.228;0.267;0.315;0.363;0.412;0.445;0.518;0.560;0.578;0.618;0.639;0.652;0.686;0.730;0.823;0.867;0.924;0.982;1.050;1.101;1.209;1.270;1.350;1.300;1.375;1.459;1.521;1.577;1.667;1.724;1.773;1.833;1.882;1.920;1.651;1.700;1.844;1.960;2.039;2.122;2.207;2020
BEN;Benin;Gross domestic product, current prices;U.S. dollars;Billions;See notes for:  Gross domestic product, current prices (National currency).;2.302;1.557;1.542;1.365;1.456;1.580;2.036;2.430;2.552;2.370;2.890;2.954;3.284;3.199;2.227;2.993;3.251;3.124;3.362;3.681;3.522;3.666;4.191;5.348;6.187;6.571;7.034;8.170;9.787;9.728;9.543;10.691;11.148;12.518;13.288;11.389;11.818;12.697;14.257;14.392;15.193;17.327;19.056;20.681;22.501;24.437;26.498;2019
BTN;Bhutan;Gross domestic product, current prices;U.S. dollars;Billions;See notes for:  Gross domestic product, current prices (National currency).;0.123;0.133;0.140;0.151;0.156;0.162;0.183;0.222;0.254;0.253;0.273;0.236;0.231;0.242;0.245;0.287;0.301;0.337;0.371;0.389;0.423;0.441;0.481;0.572;0.649;0.758;0.821;1.005;1.260;1.184;1.399;1.696;1.772;1.805;1.784;1.922;2.025;2.365;2.411;2.488;2.503;2.480;2.752;2.984;3.294;3.570;3.864;2020
BOL;Bolivia;Gross domestic product, current prices;U.S. dollars;Billions;See notes for:  Gross domestic product, current prices (National currency).;3.589;3.440;3.813;3.609;3.752;4.059;3.970;4.323;4.598;4.716;4.868;5.343;5.643;5.734;5.970;6.702;7.375;7.917;8.490;8.269;8.385;8.155;7.917;8.092;8.785;9.573;11.520;13.216;16.792;17.464;19.786;24.135;27.282;30.883;33.237;33.241;34.189;37.782;40.581;41.193;39.381;43.110;46.546;50.156;53.834;57.670;61.718;2019
BIH;Bosnia and Herzegovina;Gross domestic product, current prices;U.S. dollars;Billions;See notes for:  Gross domestic product, current prices (National currency).;n/a;n/a;n/a;n/a;n/a;n/a;n/a;n/a;n/a;n/a;n/a;n/a;n/a;n/a;n/a;n/a;3.584;4.578;5.281;5.766;5.554;5.784;6.711;8.477;10.157;10.935;12.460;15.323;18.712;17.601;17.164;18.629;17.207;18.155;18.522;16.210;16.910;18.081;20.184;20.203;19.389;21.953;23.219;24.305;25.484;26.792;28.091;2019
BWA;Botswana;Gross domestic product, current prices;U.S. dollars;Billions;See notes for:  Gross domestic product, current prices (National currency).;1.175;1.038;1.095;1.210;1.201;1.118;1.516;2.376;3.084;3.444;3.803;3.806;3.932;3.961;4.261;4.732;4.881;5.024;4.819;5.485;5.803;5.514;5.456;7.539;8.966;10.013;10.175;10.941;11.028;10.272;12.794;15.393;16.110;14.915;16.259;14.445;15.658;17.383;18.664;18.339;15.910;18.726;20.137;21.631;22.921;24.368;26.106;2019
BRA;Brazil;Gross domestic product, current prices;U.S. dollars;Billions;See notes for:  Gross domestic product, current prices (National currency).;145.819;167.583;179.166;143.652;142.957;226.938;263.256;286.539;320.105;439.434;455.335;399.249;382.465;429.184;546.764;770.860;851.146;883.862;864.307;599.642;655.454;559.982;509.798;558.232;669.290;891.633;1,107.628;1,397.114;1,695.855;1,669.204;2,208.704;2,614.027;2,464.054;2,471.718;2,456.055;1,800.046;1,796.622;2,063.518;1,916.934;1,877.114;1,434.084;1,491.772;1,636.413;1,769.711;1,922.407;2,050.389;2,172.080;2020
BRN;Brunei Darussalam;Gross domestic product, current prices;U.S. dollars;Billions;See notes for:  Gross domestic product, current prices (National currency).;n/a;n/a;n/a;n/a;n/a;4.419;2.695;3.095;2.946;3.304;3.896;4.096;4.631;4.543;4.523;5.239;5.661;5.750;4.482;5.090;6.641;6.198;6.466;7.256;8.711;10.547;12.645;13.432;15.926;11.913;13.707;18.525;19.047;18.092;17.098;12.931;11.399;12.128;13.568;13.470;12.016;15.278;14.822;14.777;15.035;15.357;15.735;2019
BGR;Bulgaria;Gross domestic product, current prices;U.S. dollars;Billions;See notes for:  Gross domestic product, current prices (National currency).;32.353;34.895;36.394;37.400;39.728;34.016;30.106;34.897;57.029;58.082;25.608;2.509;10.183;5.527;9.717;16.276;12.295;11.317;15.031;13.628;13.246;14.183;16.403;21.146;26.158;29.868;34.380;44.404;54.434;52.024;50.383;57.388;54.031;55.617;56.902;50.647;53.802;59.093;66.294;68.563;68.561;77.782;84.379;90.070;95.402;100.760;106.138;2019
BFA;Burkina Faso;Gross domestic product, current prices;U.S. dollars;Billions;See notes for:  Gross domestic product, current prices (National currency).;2.386;2.076;1.934;1.767;1.579;1.746;2.290;2.665;2.942;2.942;3.488;3.526;3.775;3.599;2.164;2.676;2.909;2.753;3.155;3.388;2.961;3.190;3.620;4.740;5.449;6.150;6.548;7.627;9.450;9.440;10.118;12.078;12.569;13.444;13.947;11.833;12.819;14.165;16.207;15.746;16.541;18.853;20.568;22.268;24.084;26.006;28.086;2018
BDI;Burundi;Gross domestic product, current prices;U.S. dollars;Billions;See notes for:  Gross domestic product, current prices (National currency).;0.951;0.989;1.045;1.106;1.005;1.170;1.233;1.161;1.088;1.131;1.131;1.167;1.082;0.938;0.924;1.000;0.868;0.972;0.893;0.866;0.870;0.877;0.825;0.785;0.915;1.117;1.273;1.356;1.612;1.775;2.032;2.236;2.333;2.456;2.706;3.104;2.960;3.172;3.037;2.968;3.011;3.244;3.446;3.658;3.878;4.084;4.296;2019
CPV;Cabo Verde;Gross domestic product, current prices;U.S. dollars;Billions;See notes for:  Gross domestic product, current prices (National currency).;0.157;0.154;0.155;0.152;0.145;0.152;0.210;0.260;0.292;0.295;0.339;0.353;0.395;0.398;0.448;0.536;0.553;0.540;0.575;0.657;0.609;0.616;0.679;0.891;1.023;1.091;1.237;1.513;1.788;1.698;1.664;1.866;1.742;1.850;1.860;1.597;1.663;1.770;1.967;1.982;1.753;2.003;2.180;2.351;2.538;2.744;2.970;2019
KHM;Cambodia;Gross domestic product, current prices;U.S. dollars;Billions;See notes for:  Gross domestic product, current prices (National currency).;n/a;n/a;n/a;n/a;n/a;n/a;0.205;0.141;0.276;0.346;0.899;2.011;2.439;2.427;2.765;3.441;3.507;3.443;3.130;3.513;3.667;3.992;4.289;4.665;5.334;6.287;7.268;8.630;10.342;10.391;11.232;12.818;14.057;15.228;16.702;18.083;20.043;22.189;24.444;26.728;25.953;27.239;29.121;31.308;33.806;36.539;39.531;2019
CMR;Cameroon;Gross domestic product, current prices;U.S. dollars;Billions;See notes for:  Gross domestic product, current prices (National currency).;8.193;9.281;8.901;8.972;9.482;9.903;12.909;14.952;15.184;13.539;13.553;15.112;13.851;14.451;9.833;9.326;10.393;10.509;10.495;10.695;9.802;10.377;11.588;14.558;17.440;17.974;19.374;22.397;26.514;26.094;26.191;29.370;29.121;32.358;34.999;30.932;32.635;34.997;38.712;38.863;39.020;44.893;48.074;51.286;55.101;59.193;63.645;2019
CAN;Canada;Gross domestic product, current prices;U.S. dollars;Billions;See notes for:  Gross domestic product, current prices (National currency).;276.035;307.246;314.639;341.863;356.728;366.184;379.015;433.140;509.380;567.225;596.089;612.514;594.376;579.059;579.913;605.941;630.598;655.010;634.004;678.417;744.631;738.968;760.149;895.599;1,026.473;1,173.505;1,319.356;1,468.896;1,552.864;1,376.509;1,617.345;1,793.327;1,828.362;1,846.595;1,805.751;1,556.508;1,527.996;1,649.266;1,721.822;1,741.576;1,643.408;1,883.487;2,030.619;2,142.963;2,243.379;2,349.536;2,466.744;2020
CAF;Central African Republic;Gross domestic product, current prices;U.S. dollars;Billions;See notes for:  Gross domestic product, current prices (National currency).;0.714;0.743;0.719;0.690;0.670;0.883;1.158;1.275;1.372;1.354;1.572;1.498;1.494;1.309;0.858;1.117;1.000;0.979;1.036;1.039;0.868;0.899;0.983;1.188;1.310;1.413;1.538;1.755;2.033;2.059;2.141;2.435;2.512;1.692;1.896;1.696;1.825;2.072;2.280;2.277;2.366;2.718;2.964;3.197;3.445;3.706;3.981;2017
TCD;Chad;Gross domestic product, current prices;U.S. dollars;Billions;See notes for:  Gross domestic product, current prices (National currency).;0.738;0.873;0.844;0.844;0.907;0.983;1.211;1.372;1.604;1.515;1.826;1.809;1.886;1.648;1.335;1.636;1.819;1.748;1.975;1.739;1.572;1.936;2.257;3.102;5.003;6.676;7.451;8.687;10.430;9.315;10.701;12.183;12.411;12.994;14.003;10.952;10.202;10.079;11.036;10.934;10.742;12.531;13.269;13.983;14.961;16.009;17.031;2017
CHL;Chile;Gross domestic product, current prices;U.S. dollars;Billions;See notes for:  Gross domestic product, current prices (National currency).;28.828;34.133;25.450;20.673;20.104;17.238;18.531;21.856;25.765;29.679;32.998;37.981;46.270;49.505;57.113;73.599;78.023;84.908;81.561;75.097;77.817;70.971;69.730;75.643;99.226;123.000;154.864;173.569;179.484;172.526;218.321;252.097;267.021;278.346;260.472;243.888;250.326;276.900;297.436;279.270;252.756;307.938;327.900;344.806;361.682;379.171;398.630;2020
CHN;China;Gross domestic product, current prices;U.S. dollars;Billions;See notes for:  Gross domestic product, current prices (National currency).;303.027;288.734;284.608;305.426;314.224;310.151;300.924;327.719;408.652;458.167;396.580;413.217;492.155;617.429;561.687;731.018;860.476;957.993;1,024.172;1,088.335;1,205.519;1,333.665;1,465.837;1,656.954;1,949.492;2,290.094;2,754.113;3,555.679;4,577.397;5,088.993;6,033.813;7,492.257;8,539.472;9,625.044;10,524.211;11,113.528;11,227.075;12,265.317;13,841.901;14,340.600;14,722.837;16,642.318;18,013.395;19,423.482;20,910.471;22,481.433;24,127.830;2020
COL;Colombia;Gross domestic product, current prices;U.S. dollars;Billions;See notes for:  Gross domestic product, current prices (National currency).;46.482;50.640;54.230;53.898;53.235;48.561;48.628;50.619;54.570;55.026;56.048;57.931;68.551;77.689;97.625;110.518;116.083;127.438;117.677;103.090;99.229;97.566;97.313;94.033;116.335;145.600;161.793;206.230;242.504;232.469;286.499;334.966;370.692;382.094;381.240;293.492;282.720;311.889;334.124;323.375;271.463;295.610;313.438;333.249;354.100;376.616;399.941;2020
COM;Comoros;Gross domestic product, current prices;U.S. dollars;Billions;See notes for:  Gross domestic product, current prices (National currency).;0.242;0.212;0.201;0.195;0.188;0.191;0.257;0.312;0.336;0.328;0.401;0.400;0.436;0.427;0.314;0.392;0.392;0.362;0.363;0.372;0.339;0.373;0.427;0.547;0.622;0.656;0.689;0.796;0.916;0.904;0.909;1.023;1.016;1.116;1.150;0.966;1.013;1.077;1.179;1.190;1.222;1.309;1.390;1.464;1.546;1.631;1.725;2018
COD;Democratic Republic of the Congo;Gross domestic product, current prices;U.S. dollars;Billions;See notes for:  Gross domestic product, current prices (National currency).;68.606;59.726;64.939;52.378;34.951;31.943;35.840;33.932;39.314;40.006;41.448;40.250;36.333;47.450;25.746;25.021;32.099;28.819;21.089;19.147;19.077;7.246;8.720;9.022;10.275;12.069;14.376;16.778;19.548;18.495;21.541;25.853;29.350;32.695;35.911;37.915;36.640;37.615;47.099;50.418;49.077;55.088;58.170;61.675;66.059;70.363;74.833;2019
COG;Republic of Congo;Gross domestic product, current prices;U.S. dollars;Billions;See notes for:  Gross domestic product, current prices (National currency).;2.165;1.775;1.548;1.407;1.294;1.327;1.815;2.205;2.346;2.478;2.909;3.035;3.280;3.004;2.068;2.457;2.840;2.568;2.240;2.646;3.624;3.038;3.330;3.863;5.101;6.654;8.073;8.784;11.649;9.713;13.159;15.653;17.704;17.959;17.918;11.891;10.159;11.110;13.402;12.542;10.232;12.022;12.366;13.246;13.753;14.398;14.844;2018
CRI;Costa Rica;Gross domestic product, current prices;U.S. dollars;Billions;See notes for:  Gross domestic product, current prices (National currency).;4.854;2.636;2.619;3.162;3.678;3.941;4.425;4.554;4.636;5.250;5.737;7.197;8.566;9.586;10.489;11.578;11.683;12.618;13.688;14.259;15.016;15.979;16.584;17.277;18.615;20.049;22.717;26.885;30.802;30.746;37.656;42.762;47.231;50.949;52.017;56.442;58.847;60.517;62.338;63.946;61.450;61.178;64.503;67.910;71.604;75.671;80.381;2019
CIV;Côte d'Ivoire;Gross domestic product, current prices;U.S. dollars;Billions;See notes for:  Gross domestic product, current prices (National currency).;13.877;11.501;10.320;9.312;9.284;9.470;12.675;13.944;14.092;13.487;14.923;14.504;15.416;15.268;11.492;15.205;16.780;16.203;17.433;17.114;14.851;15.485;17.147;21.205;22.924;23.625;24.628;28.158;33.621;33.693;34.431;35.529;37.030;43.228;48.882;45.815;47.964;51.588;58.011;58.539;61.402;70.991;77.334;83.564;90.214;97.251;104.696;2017
HRV;Croatia;Gross domestic product, current prices;U.S. dollars;Billions;See notes for:  Gross domestic product, current prices (National currency).;n/a;n/a;n/a;n/a;n/a;n/a;n/a;n/a;n/a;n/a;n/a;n/a;12.168;12.885;17.237;22.243;23.449;23.819;25.182;23.223;21.634;23.055;26.814;34.682;41.587;45.377;50.423;60.073;70.234;62.600;59.919;62.538;56.581;58.194;57.640;49.526;51.601;55.482;61.375;60.759;56.925;65.217;70.661;75.882;80.985;87.253;91.957;2019
CYP;Cyprus;Gross domestic product, current prices;U.S. dollars;Billions;See notes for:  Gross domestic product, current prices (National currency).;2.314;2.242;2.319;2.321;2.447;2.611;3.317;3.979;4.589;4.901;6.003;6.195;7.424;7.098;8.004;9.937;10.016;9.544;10.251;10.502;9.988;10.397;11.422;14.552;17.328;18.713;20.422;24.082;27.955;26.020;25.753;27.560;24.993;23.900;23.162;19.844;20.947;22.721;25.322;24.953;23.967;26.479;28.297;29.788;31.284;32.819;34.510;2020
CZE;Czech Republic;Gross domestic product, current prices;U.S. dollars;Billions;See notes for:  Gross domestic product, current prices (National currency).;n/a;n/a;n/a;n/a;n/a;n/a;n/a;n/a;n/a;n/a;n/a;n/a;n/a;n/a;n/a;60.139;67.388;62.171;66.782;65.173;61.823;67.809;82.184;100.125;119.815;137.143;156.264;189.988;237.131;207.558;209.070;229.563;208.858;211.686;209.359;188.033;196.272;218.629;248.950;250.686;241.455;276.109;297.029;314.258;330.861;346.676;361.675;2019
DNK;Denmark;Gross domestic product, current prices;U.S. dollars;Billions;See notes for:  Gross domestic product, current prices (National currency).;71.127;61.878;60.413;60.645;59.105;62.658;88.079;109.414;115.552;112.410;138.248;139.226;152.915;143.195;156.164;185.008;187.633;173.539;176.991;177.964;164.158;164.791;178.635;218.097;251.375;264.467;282.886;319.424;353.359;321.243;321.995;344.003;327.149;343.584;352.994;302.673;313.116;332.121;356.880;350.104;352.243;392.570;411.248;428.860;447.919;468.522;490.577;2019
DJI;Djibouti;Gross domestic product, current prices;U.S. dollars;Billions;See notes for:  Gross domestic product, current prices (National currency).;n/a;n/a;n/a;n/a;n/a;n/a;n/a;n/a;n/a;n/a;n/a;0.649;0.671;0.654;0.690;0.699;0.693;0.706;0.722;0.759;0.780;0.811;0.837;0.881;0.935;0.995;1.079;1.190;1.381;1.425;1.542;1.739;1.900;2.043;2.216;2.445;2.619;2.767;3.013;3.346;3.408;3.663;3.944;4.264;4.610;4.984;5.389;2018
DMA;Dominica;Gross domestic product, current prices;U.S. dollars;Billions;See notes for:  Gross domestic product, current prices (National currency).;0.073;0.082;0.090;0.099;0.109;0.119;0.135;0.152;0.171;0.185;0.201;0.220;0.234;0.246;0.264;0.275;0.292;0.303;0.322;0.332;0.333;0.340;0.333;0.343;0.367;0.364;0.390;0.421;0.458;0.489;0.494;0.501;0.486;0.502;0.524;0.541;0.575;0.522;0.530;0.579;0.517;0.523;0.565;0.599;0.629;0.656;0.680;2018
DOM;Dominican Republic;Gross domestic product, current prices;U.S. dollars;Billions;See notes for:  Gross domestic product, current prices (National currency).;8.672;9.698;9.141;9.461;14.870;6.496;7.891;8.305;7.605;8.589;7.995;9.887;11.605;13.081;14.645;16.637;18.242;20.017;21.672;22.137;24.306;25.602;27.249;21.518;22.506;35.948;37.998;44.067;48.206;48.319;53.921;58.088;60.747;62.758;67.264;71.254;75.777;80.082;85.630;89.032;78.731;83.917;90.050;96.660;103.623;111.179;119.319;2019
ECU;Ecuador;Gross domestic product, current prices;U.S. dollars;Billions;See notes for:  Gross domestic product, current prices (National currency).;16.840;17.243;17.214;15.129;16.101;18.830;13.816;12.910;12.277;12.049;12.236;13.730;15.012;17.537;21.147;22.968;24.035;27.009;27.474;19.740;18.319;24.468;28.549;32.433;36.592;41.507;46.802;51.008;61.763;62.520;69.555;79.277;87.925;95.130;101.726;99.290;99.938;104.296;107.562;108.108;96.665;100.595;103.874;106.806;110.131;113.905;118.046;2019
EGY;Egypt;Gross domestic product, current prices;U.S. dollars;Billions;See notes for:  Gross domestic product, current prices (National currency).;23.523;25.760;30.479;37.254;41.888;48.841;54.076;77.359;92.530;115.362;96.087;48.431;44.168;49.526;54.550;63.250;71.118;79.777;89.189;95.039;104.752;102.273;90.261;85.163;82.855;94.127;112.902;137.055;170.797;198.316;230.024;247.726;278.769;288.007;305.567;332.075;332.484;236.528;250.253;302.335;361.847;394.284;429.573;465.080;496.613;538.339;602.683;2020
SLV;El Salvador;Gross domestic product, current prices;U.S. dollars;Billions;See notes for:  Gross domestic product, current prices (National currency).;3.912;3.449;3.406;3.261;2.385;2.319;2.335;2.374;2.771;3.167;4.818;5.252;5.813;6.680;7.679;8.922;9.586;10.222;10.937;11.284;11.785;12.283;12.664;13.244;13.725;14.698;16.000;17.012;17.987;17.602;18.448;20.284;21.386;21.991;22.593;23.438;24.191;24.979;26.117;27.023;24.609;26.277;27.474;28.581;29.630;30.597;31.564;2019
GNQ;Equatorial Guinea;Gross domestic product, current prices;U.S. dollars;Billions;See notes for:  Gross domestic product, current prices (National currency).;0.032;0.030;0.035;0.040;0.044;0.074;0.091;0.111;0.119;0.105;0.133;0.132;0.160;0.162;0.120;0.169;0.276;0.526;0.440;0.738;1.159;1.674;2.071;3.768;5.954;8.187;10.095;13.089;19.830;15.088;16.314;21.357;22.388;21.949;21.765;13.185;11.241;12.201;13.278;11.025;9.524;11.726;11.363;11.530;11.805;11.951;12.260;2017
ERI;Eritrea;Gross domestic product, current prices;U.S. dollars;Billions;See notes for:  Gross domestic product, current prices (National currency).;n/a;n/a;n/a;n/a;n/a;n/a;n/a;n/a;n/a;n/a;n/a;n/a;0.606;0.374;0.433;0.483;0.579;0.594;0.626;0.614;0.547;0.582;0.564;0.673;0.858;0.850;0.937;1.020;0.923;1.297;1.590;2.065;2.255;1.958;2.604;2.016;2.213;1.904;2.006;1.982;2.086;2.250;2.418;2.559;2.708;2.868;3.038;2018
EST;Estonia;Gross domestic product, current prices;U.S. dollars;Billions;See notes for:  Gross domestic product, current prices (National currency).;n/a;n/a;n/a;n/a;n/a;n/a;n/a;n/a;n/a;n/a;n/a;n/a;n/a;1.788;2.505;3.905;4.779;5.153;5.670;5.777;5.714;6.274;7.396;9.895;12.157;14.117;17.036;22.473;24.463;19.804;19.730;23.421;23.206;25.279;26.816;23.060;24.269;26.942;30.645;31.475;31.005;35.187;38.240;40.677;43.177;45.628;48.185;2020
SWZ;Eswatini;Gross domestic product, current prices;U.S. dollars;Billions;See notes for:  Gross domestic product, current prices (National currency).;0.754;0.798;0.714;0.734;0.628;0.497;0.635;0.831;0.986;1.006;1.237;1.285;1.425;1.497;1.621;1.932;1.830;1.957;1.797;1.764;1.739;1.544;1.436;2.198;2.774;3.177;3.293;3.465;3.298;3.596;4.438;4.826;4.887;4.600;4.426;4.061;3.815;4.407;4.666;4.471;3.949;4.226;4.367;4.503;4.695;4.902;5.359;2019
ETH;Ethiopia;Gross domestic product, current prices;U.S. dollars;Billions;See notes for:  Gross domestic product, current prices (National currency).;7.385;7.578;7.973;8.863;8.375;9.808;10.188;10.890;11.285;11.872;12.595;13.928;14.696;9.143;8.135;7.887;8.794;8.621;7.815;7.515;8.167;8.103;7.828;8.604;10.122;12.387;15.310;19.329;26.250;28.672;26.887;30.480;42.221;46.544;54.165;63.081;72.120;76.841;80.207;92.608;96.611;93.966;92.907;101.965;113.619;125.510;138.804;2020
FJI;Fiji;Gross domestic product, current prices;U.S. dollars;Billions;See notes for:  Gross domestic product, current prices (National currency).;1.303;1.339;1.293;1.217;1.276;1.236;1.398;1.276;1.202;1.281;1.448;1.500;1.659;1.772;1.977;2.134;2.307;2.268;1.795;2.104;1.824;1.798;1.996;2.509;2.954;3.257;3.361;3.688;3.816;3.106;3.402;4.094;4.303;4.539;4.857;4.682;4.930;5.353;5.581;5.497;4.316;4.586;5.124;5.593;6.008;6.386;6.762;2019
FIN;Finland;Gross domestic product, current prices;U.S. dollars;Billions;See notes for:  Gross domestic product, current prices (National currency).;53.714;52.620;53.111;51.056;53.032;56.223;73.652;91.775;109.255;119.106;141.718;128.194;113.134;89.279;103.739;134.339;132.183;127.076;134.212;135.398;126.075;129.534;140.305;171.609;197.390;204.999;217.101;256.408;285.685;253.222;249.628;275.556;258.454;271.366;274.934;234.558;240.705;255.558;276.112;268.996;270.637;300.484;317.341;328.661;339.105;349.485;360.002;2019
FRA;France;Gross domestic product, current prices;U.S. dollars;Billions;See notes for:  Gross domestic product, current prices (National currency).;702.243;618.954;588.015;562.499;532.339;557.561;772.838;935.117;1,020.878;1,026.179;1,272.433;1,273.594;1,404.391;1,324.236;1,396.653;1,602.130;1,606.035;1,454.555;1,505.184;1,494.634;1,366.243;1,377.667;1,500.348;1,844.083;2,118.671;2,198.160;2,320.659;2,660.905;2,929.983;2,697.955;2,647.348;2,864.653;2,685.371;2,811.918;2,856.701;2,439.436;2,472.282;2,594.235;2,791.163;2,717.204;2,598.907;2,938.271;3,138.871;3,242.496;3,342.407;3,442.448;3,538.695;2020
GAB;Gabon;Gross domestic product, current prices;U.S. dollars;Billions;See notes for:  Gross domestic product, current prices (National currency).;4.559;4.111;3.853;3.689;3.547;3.736;4.889;3.699;4.079;4.458;6.339;5.754;5.955;5.757;4.463;5.281;6.064;5.673;4.774;4.966;5.397;5.023;5.332;6.510;7.767;9.468;10.164;12.457;15.570;12.188;14.384;18.207;17.181;17.596;18.209;14.385;14.020;14.924;16.875;16.875;15.642;18.362;18.768;19.278;19.952;20.873;22.100;2019
GMB;The Gambia;Gross domestic product, current prices;U.S. dollars;Billions;See notes for:  Gross domestic product, current prices (National currency).;0.606;0.579;0.548;0.551;0.396;0.482;0.376;0.504;0.585;0.614;0.721;0.760;0.820;0.878;0.870;0.909;0.949;0.983;1.009;1.036;1.010;1.002;0.887;0.843;0.962;1.028;1.054;1.280;1.562;1.450;1.543;1.410;1.415;1.376;1.229;1.355;1.470;1.498;1.662;1.818;1.913;2.078;2.264;2.471;2.686;2.919;3.173;2018
GEO;Georgia;Gross domestic product, current prices;U.S. dollars;Billions;See notes for:  Gross domestic product, current prices (National currency).;n/a;n/a;n/a;n/a;n/a;n/a;n/a;n/a;n/a;n/a;n/a;n/a;n/a;n/a;0.850;1.961;3.149;3.609;3.708;2.884;3.143;3.309;3.491;4.103;5.270;6.591;7.963;10.459;13.154;11.069;12.243;15.107;16.489;17.190;17.627;14.953;15.141;16.242;17.599;17.477;15.733;16.163;18.000;19.643;21.319;23.143;25.078;2019
DEU;Germany;Gross domestic product, current prices;U.S. dollars;Billions;See notes for:  Gross domestic product, current prices (National currency).;853.705;718.264;693.547;691.912;651.900;661.037;944.124;1,174.861;1,266.623;1,257.393;1,598.640;1,875.618;2,136.312;2,072.457;2,209.934;2,588.002;2,498.113;2,214.694;2,242.065;2,197.125;1,948.843;1,945.804;2,077.016;2,501.014;2,813.076;2,848.438;2,994.862;3,425.982;3,744.854;3,407.557;3,402.444;3,748.655;3,529.377;3,733.859;3,890.095;3,357.926;3,468.896;3,681.303;3,965.565;3,861.550;3,803.014;4,319.286;4,598.116;4,757.650;4,923.011;5,084.347;5,253.101;2020
GHA;Ghana;Gross domestic product, current prices;U.S. dollars;Billions;See notes for:  Gross domestic product, current prices (National currency).;38.219;61.792;72.038;48.515;17.332;15.379;14.228;11.932;12.678;12.897;14.898;16.673;16.485;13.383;12.303;14.544;15.458;15.786;17.153;17.756;11.467;12.227;14.200;17.494;20.244;24.521;28.785;33.942;38.414;34.254;43.043;53.645;56.505;63.279;53.173;48.595;54.989;58.978;65.518;66.998;68.418;74.260;79.737;84.593;90.127;96.301;103.125;2019
GRC;Greece;Gross domestic product, current prices;U.S. dollars;Billions;See notes for:  Gross domestic product, current prices (National currency).;56.529;52.161;54.415;49.184;47.922;47.532;55.945;65.129;75.803;78.582;97.137;104.742;115.484;108.103;115.694;135.786;144.642;142.117;143.424;148.151;131.082;135.160;153.152;200.613;238.823;245.920;271.254;316.250;352.866;328.156;297.368;282.946;242.193;238.555;235.669;195.416;192.810;200.055;212.346;205.349;189.259;209.857;224.819;232.676;240.065;247.917;255.831;2020
GRD;Grenada;Gross domestic product, current prices;U.S. dollars;Billions;See notes for:  Gross domestic product, current prices (National currency).;0.111;0.116;0.125;0.132;0.146;0.168;0.188;0.215;0.236;0.267;0.278;0.301;0.310;0.310;0.325;0.342;0.367;0.392;0.446;0.482;0.520;0.520;0.540;0.591;0.599;0.695;0.699;0.759;0.826;0.771;0.771;0.779;0.800;0.843;0.911;0.997;1.062;1.126;1.169;1.205;1.037;1.041;1.116;1.197;1.266;1.327;1.392;2019
GTM;Guatemala;Gross domestic product, current prices;U.S. dollars;Billions;See notes for:  Gross domestic product, current prices (National currency).;7.718;8.431;8.539;8.864;9.276;10.951;5.921;6.857;7.426;8.561;7.493;9.161;10.150;11.032;12.501;14.040;14.993;16.981;18.441;17.391;18.124;19.736;21.924;23.092;24.977;28.179;31.308;35.028;40.242;37.996;41.492;47.419;49.902;52.989;57.835;62.180;66.034;71.583;73.121;76.694;77.073;81.402;84.901;89.345;95.329;101.753;108.621;2019
GIN;Guinea;Gross domestic product, current prices;U.S. dollars;Billions;See notes for:  Gross domestic product, current prices (National currency).;2.400;2.381;2.335;2.284;2.327;2.473;2.675;2.840;3.317;3.384;3.710;4.195;4.570;4.562;4.707;5.139;5.316;5.212;5.003;4.798;4.039;3.806;4.022;4.759;5.054;4.506;4.178;6.317;6.966;6.753;6.858;6.034;7.304;8.374;8.790;8.790;8.604;10.337;12.181;13.797;15.455;16.339;17.428;18.631;19.893;21.261;22.731;2018
GNB;Guinea-Bissau;Gross domestic product, current prices;U.S. dollars;Billions;See notes for:  Gross domestic product, current prices (National currency).;0.289;0.370;0.421;0.475;0.330;0.485;0.474;0.401;0.374;0.449;0.548;0.772;0.846;0.653;0.361;0.778;0.741;0.704;0.592;0.580;0.392;0.413;0.466;0.553;0.582;0.640;0.635;0.753;0.953;0.889;0.941;1.157;1.050;1.110;1.136;1.153;1.245;1.469;1.506;1.440;1.434;1.647;1.783;1.929;2.086;2.252;2.430;2018
GUY;Guyana;Gross domestic product, current prices;U.S. dollars;Billions;See notes for:  Gross domestic product, current prices (National currency).;0.842;0.808;0.692;0.703;0.654;0.697;0.789;0.728;0.828;0.832;0.685;0.744;0.823;1.003;1.176;1.332;1.495;1.587;1.500;1.488;1.497;1.504;1.555;1.592;1.657;1.712;1.899;2.225;2.491;2.596;2.889;3.328;4.063;4.168;4.128;4.280;4.483;4.748;4.788;5.174;5.766;7.255;9.079;10.881;11.338;11.918;12.569;2019
HTI;Haiti;Gross domestic product, current prices;U.S. dollars;Billions;See notes for:  Gross domestic product, current prices (National currency).;2.685;2.956;3.074;3.300;3.656;4.060;4.511;2.223;1.461;1.351;1.720;1.542;0.926;1.115;3.079;4.885;5.041;5.794;6.460;7.206;6.865;6.318;6.112;5.041;6.006;7.052;7.398;9.316;10.389;11.271;11.655;13.009;13.709;14.500;14.789;14.856;13.732;14.214;15.965;14.334;14.286;22.431;22.644;23.677;24.612;25.587;26.566;2019
HND;Honduras;Gross domestic product, current prices;U.S. dollars;Billions;See notes for:  Gross domestic product, current prices (National currency).;3.508;3.855;3.970;4.207;4.538;4.976;5.207;5.678;6.324;7.065;4.169;4.195;4.675;4.794;4.693;5.415;5.217;5.736;6.366;6.417;7.104;7.566;7.775;8.140;8.772;9.672;10.842;12.275;13.790;14.486;15.730;17.650;18.527;18.497;19.755;20.978;21.714;23.137;23.857;24.921;23.691;26.161;27.561;29.092;30.793;32.639;34.669;2019
HKG;Hong Kong SAR;Gross domestic product, current prices;U.S. dollars;Billions;See notes for:  Gross domestic product, current prices (National currency).;28.862;31.055;32.291;29.907;33.511;35.700;41.076;50.623;59.708;68.790;76.929;88.960;104.272;120.354;135.812;144.652;159.718;177.349;168.858;165.734;171.643;169.381;166.336;161.370;169.085;181.556;193.515;211.583;219.279;214.048;228.639;248.514;262.629;275.697;291.460;309.386;320.840;341.242;361.692;365.708;349.445;368.633;388.800;409.034;430.528;453.573;478.104;2020
HUN;Hungary;Gross domestic product, current prices;U.S. dollars;Billions;See notes for:  Gross domestic product, current prices (National currency).;23.042;23.629;24.064;21.839;21.174;21.441;24.698;27.144;29.703;30.323;34.366;34.754;38.731;40.125;43.167;46.426;46.659;47.297;48.707;49.073;47.218;53.750;67.609;85.302;103.960;112.981;115.577;139.966;158.136;130.760;131.917;141.760;128.475;135.412;140.765;125.074;128.471;142.962;160.419;163.459;154.562;176.543;194.141;207.011;219.239;230.536;242.339;2020
ISL;Iceland;Gross domestic product, current prices;U.S. dollars;Billions;See notes for:  Gross domestic product, current prices (National currency).;3.434;3.544;3.253;2.795;2.894;3.012;4.017;5.566;6.149;5.705;6.510;6.955;7.112;6.232;6.399;7.131;7.480;7.570;8.504;8.982;9.026;8.235;9.318;11.429;13.825;16.853;17.465;21.653;18.075;13.154;13.751;15.222;14.752;16.125;17.868;17.517;20.793;24.728;26.224;24.837;21.715;24.155;25.159;25.823;27.014;28.431;29.956;2018
IND;India;Gross domestic product, current prices;U.S. dollars;Billions;See notes for:  Gross domestic product, current prices (National currency).;189.438;196.535;203.537;222.049;215.556;237.618;252.751;283.750;299.645;301.234;326.608;274.842;293.262;284.194;333.014;366.600;399.791;423.189;428.767;466.841;476.636;493.934;523.768;618.369;721.589;834.218;949.118;1,238.700;1,224.096;1,365.373;1,708.460;1,823.052;1,827.637;1,856.721;2,039.127;2,103.588;2,294.118;2,651.474;2,701.112;2,870.504;2,708.770;3,049.704;3,312.949;3,591.026;3,884.732;4,199.012;4,534.338;2021
IDN;Indonesia;Gross domestic product, current prices;U.S. dollars;Billions;See notes for:  Gross domestic product, current prices (National currency).;99.296;110.848;113.799;103.149;107.218;107.062;101.220;95.214;107.279;122.582;138.258;154.558;168.280;190.913;213.727;244.227;274.722;260.680;115.323;169.158;179.482;174.507;212.807;255.428;279.556;310.815;396.293;470.144;558.582;577.539;755.256;892.590;919.002;916.646;891.051;860.741;932.066;1,015.488;1,042.711;1,120.042;1,059.638;1,158.783;1,256.282;1,360.257;1,458.742;1,561.954;1,672.542;2020
IRN;Islamic Republic of Iran;Gross domestic product, current prices;U.S. dollars;Billions;See notes for:  Gross domestic product, current prices (National currency).;107.697;111.884;128.136;163.488;172.871;180.301;210.514;283.810;307.885;369.961;588.399;299.168;50.109;65.370;82.434;117.803;161.829;185.835;205.711;273.622;362.717;316.205;129.150;151.897;187.546;224.764;265.479;350.068;405.568;414.013;486.774;580.113;392.295;400.087;433.088;385.023;418.064;445.528;456.590;581.252;635.724;682.859;714.707;739.807;766.087;794.309;824.649;2020
IRQ;Iraq;Gross domestic product, current prices;U.S. dollars;Billions;See notes for:  Gross domestic product, current prices (National currency).;n/a;n/a;n/a;n/a;n/a;n/a;n/a;n/a;n/a;n/a;n/a;n/a;n/a;n/a;n/a;n/a;n/a;n/a;10.469;18.449;25.857;18.936;18.970;15.800;36.642;50.065;65.144;88.833;131.614;111.660;138.517;185.750;218.032;234.638;234.651;177.634;167.716;192.343;216.946;222.434;172.119;190.733;203.292;216.953;230.008;242.946;258.184;2020
IRL;Ireland;Gross domestic product, current prices;U.S. dollars;Billions;See notes for:  Gross domestic product, current prices (National currency).;21.380;20.380;21.268;20.575;19.842;21.123;28.456;33.589;36.797;37.950;48.098;48.738;54.796;51.256;55.725;69.114;75.768;82.783;90.421;99.009;100.136;109.319;128.535;164.488;194.556;211.941;232.257;270.296;275.894;236.871;222.723;237.905;225.185;238.264;258.889;292.037;299.145;337.545;386.689;398.379;418.716;476.663;515.447;545.815;572.851;599.565;627.013;2019
ISR;Israel;Gross domestic product, current prices;U.S. dollars;Billions;See notes for:  Gross domestic product, current prices (National currency).;23.927;25.352;27.171;30.303;28.687;26.663;32.824;39.205;48.565;49.414;58.309;66.144;73.911;74.285;84.797;100.735;110.430;114.979;116.209;117.373;132.704;131.058;121.411;127.329;135.729;142.661;154.157;179.069;216.338;207.498;234.000;261.014;257.173;292.693;310.048;300.123;318.617;352.668;370.456;394.652;402.639;446.708;471.411;495.614;519.391;542.842;566.630;2020
ITA;Italy;Gross domestic product, current prices;U.S. dollars;Billions;See notes for:  Gross domestic product, current prices (National currency).;482.019;437.124;432.001;448.304;442.925;457.397;647.819;813.082;900.829;936.906;1,169.289;1,235.139;1,310.659;1,053.939;1,087.066;1,175.276;1,312.783;1,243.228;1,271.701;1,253.691;1,147.184;1,168.031;1,275.866;1,577.226;1,805.722;1,859.244;1,949.655;2,213.365;2,408.392;2,197.540;2,137.845;2,294.591;2,088.278;2,141.954;2,162.567;1,836.824;1,876.554;1,961.105;2,093.089;2,005.135;1,884.935;2,106.287;2,231.938;2,295.732;2,348.232;2,400.011;2,451.376;2020
JAM;Jamaica;Gross domestic product, current prices;U.S. dollars;Billions;See notes for:  Gross domestic product, current prices (National currency).;2.565;2.817;3.235;2.875;2.119;1.993;2.369;2.672;3.184;3.692;4.663;4.285;4.328;5.440;5.453;6.549;7.394;8.400;8.787;8.887;9.065;9.195;9.719;9.430;10.175;11.233;11.946;12.881;13.743;12.107;13.193;14.413;14.765;14.213;13.865;14.154;14.108;14.755;15.648;15.808;13.948;14.600;15.939;17.010;17.915;18.745;19.604;2019
JPN;Japan;Gross domestic product, current prices;U.S. dollars;Billions;See notes for:  Gross domestic product, current prices (National currency).;1,127.876;1,243.790;1,157.601;1,268.620;1,345.204;1,427.354;2,121.250;2,584.339;3,134.179;3,117.068;3,196.556;3,657.348;3,988.334;4,544.766;4,998.797;5,545.567;4,923.393;4,492.449;4,098.362;4,635.981;4,968.359;4,374.710;4,182.845;4,519.563;4,893.135;4,831.466;4,601.663;4,579.749;5,106.679;5,289.494;5,759.072;6,233.147;6,272.364;5,212.328;4,896.995;4,444.931;5,003.678;4,930.837;5,036.892;5,148.781;5,048.688;5,378.136;5,653.462;5,977.364;6,170.367;6,351.098;6,533.023;2020
JOR;Jordan;Gross domestic product, current prices;U.S. dollars;Billions;See notes for:  Gross domestic product, current prices (National currency).;4.030;4.525;4.830;5.075;5.127;5.157;6.604;6.962;6.522;4.385;4.290;4.481;5.537;5.704;6.391;6.857;7.145;7.472;8.159;8.403;8.725;9.255;9.882;10.514;11.768;12.982;15.527;17.645;22.648;24.538;27.134;29.524;31.679;34.503;36.900;38.642;39.949;41.467;42.993;44.566;43.481;44.979;47.117;49.792;52.721;55.823;59.106;2019
KAZ;Kazakhstan;Gross domestic product, current prices;U.S. dollars;Billions;See notes for:  Gross domestic product, current prices (National currency).;n/a;n/a;n/a;n/a;n/a;n/a;n/a;n/a;n/a;n/a;n/a;n/a;2.875;5.152;11.881;16.639;21.035;22.166;22.135;16.870;18.292;22.153;24.637;30.834;43.152;57.125;81.003;104.850;133.442;115.309;148.047;192.626;207.999;236.635;221.416;184.388;137.289;166.806;179.340;181.667;164.792;187.836;198.080;211.422;223.730;236.631;252.133;2020
KEN;Kenya;Gross domestic product, current prices;U.S. dollars;Billions;See notes for:  Gross domestic product, current prices (National currency).;10.099;9.513;9.159;8.470;8.788;8.746;10.387;11.387;11.806;11.705;12.180;11.501;11.327;7.869;9.422;11.944;13.565;13.742;15.739;14.353;14.136;14.536;14.764;16.796;18.064;21.001;25.826;31.959;35.895;37.022;40.000;41.671;50.422;55.125;61.546;64.235;69.190;78.896;87.801;95.410;99.287;106.041;112.750;120.936;130.160;140.399;151.623;2019
KIR;Kiribati;Gross domestic product, current prices;U.S. dollars;Billions;See notes for:  Gross domestic product, current prices (National currency).;0.042;0.044;0.041;0.038;0.042;0.032;0.031;0.036;0.045;0.044;0.043;0.047;0.048;0.047;0.055;0.056;0.067;0.067;0.066;0.069;0.068;0.063;0.072;0.091;0.103;0.112;0.110;0.133;0.144;0.134;0.157;0.182;0.190;0.186;0.180;0.171;0.178;0.187;0.200;0.198;0.200;0.231;0.243;0.254;0.264;0.274;0.284;2017
KOR;Korea;Gross domestic product, current prices;U.S. dollars;Billions;See notes for:  Gross domestic product, current prices (National currency).;65.368;72.934;78.349;87.761;97.511;101.296;116.836;147.949;199.593;246.929;283.365;330.658;355.516;392.731;463.432;566.595;610.164;570.594;382.855;497.254;576.483;547.743;626.989;702.696;792.532;934.708;1,052.610;1,172.465;1,049.168;943.739;1,143.568;1,253.419;1,278.046;1,370.633;1,484.489;1,466.039;1,499.362;1,623.074;1,725.373;1,646.739;1,630.871;1,806.707;1,885.676;1,967.850;2,052.934;2,137.993;2,220.715;2020
UVK;Kosovo;Gross domestic product, current prices;U.S. dollars;Billions;See notes for:  Gross domestic product, current prices (National currency).;n/a;n/a;n/a;n/a;n/a;n/a;n/a;n/a;n/a;n/a;n/a;n/a;n/a;n/a;n/a;n/a;n/a;n/a;n/a;n/a;2.092;2.509;2.691;3.348;3.621;3.738;3.918;4.743;5.710;5.670;5.841;6.700;6.504;7.074;7.398;6.444;6.717;7.243;7.947;7.953;7.789;8.810;9.586;10.160;10.773;11.380;11.956;2019
KWT;Kuwait;Gross domestic product, current prices;U.S. dollars;Billions;See notes for:  Gross domestic product, current prices (National currency).;28.724;25.249;21.583;20.317;21.457;21.540;17.376;20.817;19.281;23.855;18.293;10.826;19.866;23.996;24.796;27.189;31.492;30.350;25.944;30.123;37.721;34.886;38.135;47.844;59.439;80.807;101.559;114.677;147.402;105.992;115.401;154.020;174.066;174.179;162.695;114.606;109.381;120.687;140.665;134.624;107.936;126.930;129.704;133.066;137.539;143.068;150.158;2019
KGZ;Kyrgyz Republic;Gross domestic product, current prices;U.S. dollars;Billions;See notes for:  Gross domestic product, current prices (National currency).;n/a;n/a;n/a;n/a;n/a;n/a;n/a;n/a;n/a;n/a;n/a;n/a;0.917;0.665;1.108;1.493;1.822;1.767;1.630;1.242;1.368;1.525;1.606;1.920;2.214;2.459;2.837;3.807;5.139;4.690;4.794;6.198;6.604;7.335;7.467;6.678;6.813;7.703;8.271;8.455;7.471;7.470;7.921;8.417;8.930;9.479;10.006;2019
LAO;Lao P.D.R.;Gross domestic product, current prices;U.S. dollars;Billions;See notes for:  Gross domestic product, current prices (National currency).;1.913;1.118;1.119;2.047;2.930;3.685;2.577;1.815;1.182;1.460;1.742;2.053;2.354;2.652;3.081;3.579;3.726;3.515;1.334;1.415;1.720;1.757;1.844;2.259;2.649;3.049;3.915;4.757;5.948;6.431;7.504;8.963;10.195;11.974;13.266;14.363;15.905;17.056;18.133;18.807;19.078;20.440;21.905;23.462;25.113;26.946;28.895;2019
LVA;Latvia;Gross domestic product, current prices;U.S. dollars;Billions;See notes for:  Gross domestic product, current prices (National currency).;n/a;n/a;n/a;n/a;n/a;n/a;n/a;n/a;n/a;n/a;n/a;n/a;1.693;2.727;4.530;5.407;5.969;6.523;7.162;7.527;7.953;8.352;9.552;11.754;14.406;16.986;21.536;31.050;35.924;26.386;23.911;28.649;28.346;30.442;31.379;27.253;28.064;30.448;34.432;34.059;33.478;37.720;40.965;43.339;45.696;48.110;50.577;2020
LBN;Lebanon;Gross domestic product, current prices;U.S. dollars;Billions;See notes for:  Gross domestic product, current prices (National currency).;4.019;3.841;2.620;3.610;4.268;3.565;2.779;3.253;3.268;2.681;2.800;4.391;5.470;7.432;8.986;10.967;12.820;15.530;17.054;17.168;17.013;17.355;18.831;19.480;21.153;21.497;22.023;24.827;29.119;35.400;38.444;39.927;44.036;46.909;48.134;49.939;51.205;53.141;54.961;52.572;19.126;n/a;n/a;n/a;n/a;n/a;n/a;2018
LSO;Lesotho;Gross domestic product, current prices;U.S. dollars;Billions;See notes for:  Gross domestic product, current prices (National currency).;0.437;0.443;0.369;0.406;0.363;0.290;0.333;0.435;0.494;0.514;0.620;0.703;0.815;0.814;0.859;0.965;0.914;0.963;0.888;0.871;0.847;0.701;0.767;1.109;1.384;1.484;1.519;1.759;1.652;1.937;2.356;2.571;2.465;2.345;2.477;2.207;2.219;2.356;2.320;2.289;2.068;2.458;2.641;2.805;2.922;3.045;3.222;2019
LBR;Liberia;Gross domestic product, current prices;U.S. dollars;Billions;See notes for:  Gross domestic product, current prices (National currency).;n/a;n/a;n/a;n/a;n/a;n/a;n/a;n/a;n/a;n/a;n/a;n/a;n/a;n/a;n/a;n/a;n/a;n/a;n/a;n/a;0.864;0.908;0.946;0.714;0.895;0.947;1.110;1.346;1.677;1.769;1.973;2.342;2.673;3.046;3.090;3.088;3.258;3.335;3.264;3.064;3.033;3.370;3.693;3.863;4.144;4.449;4.784;2016
LBY;Libya;Gross domestic product, current prices;U.S. dollars;Billions;See notes for:  Gross domestic product, current prices (National currency).;38.941;33.641;33.541;31.963;29.930;29.440;23.987;22.294;25.067;26.594;30.644;33.908;34.358;30.921;28.796;32.690;35.683;36.531;29.960;35.975;38.271;34.112;20.471;26.186;32.996;47.335;54.963;67.690;73.917;50.808;68.974;31.999;79.759;51.896;24.262;17.216;18.563;30.211;41.432;39.832;21.797;24.267;25.901;27.737;28.724;30.582;32.345;2017
LTU;Lithuania;Gross domestic product, current prices;U.S. dollars;Billions;See notes for:  Gross domestic product, current prices (National currency).;n/a;n/a;n/a;n/a;n/a;n/a;n/a;n/a;n/a;n/a;n/a;n/a;n/a;n/a;n/a;6.696;8.383;10.119;11.240;10.972;11.525;12.238;14.257;18.782;22.624;26.115;30.203;39.764;48.030;37.475;37.195;43.584;42.952;46.537;48.611;41.440;43.035;47.742;53.747;54.633;55.688;62.198;66.087;69.420;72.752;76.065;79.213;2020
LUX;Luxembourg;Gross domestic product, current prices;U.S. dollars;Billions;See notes for:  Gross domestic product, current prices (National currency).;6.460;5.572;4.575;4.491;4.403;4.562;6.638;8.244;9.339;9.944;12.680;13.738;15.390;15.778;17.558;20.655;20.548;18.503;19.342;21.174;21.326;21.291;23.712;29.615;34.733;37.382;42.452;50.959;56.072;51.518;53.308;60.073;56.711;61.758;66.209;57.774;60.716;64.159;70.952;71.113;73.205;84.077;90.449;95.341;99.911;104.342;108.982;2020
MAC;Macao SAR;Gross domestic product, current prices;U.S. dollars;Billions;See notes for:  Gross domestic product, current prices (National currency).;n/a;n/a;n/a;n/a;n/a;n/a;n/a;n/a;n/a;n/a;n/a;n/a;n/a;n/a;n/a;n/a;n/a;n/a;n/a;n/a;n/a;6.860;7.372;8.247;10.643;12.160;14.874;18.440;21.027;21.588;28.242;36.844;43.190;51.536;54.903;45.060;45.085;50.457;55.303;55.154;24.333;39.449;57.060;60.921;65.240;69.459;73.468;2020
MDG;Madagascar;Gross domestic product, current prices;U.S. dollars;Billions;See notes for:  Gross domestic product, current prices (National currency).;5.202;4.759;4.785;4.686;3.906;3.803;4.348;3.213;3.189;3.176;3.931;3.255;3.715;4.063;3.522;3.838;4.932;4.263;4.402;4.278;4.629;5.438;5.352;6.372;5.065;5.859;6.396;8.525;10.725;9.617;9.983;11.552;11.579;12.424;12.523;11.323;11.849;13.176;13.974;14.519;13.837;14.746;15.972;17.283;18.524;19.776;21.091;2018
MWI;Malawi;Gross domestic product, current prices;U.S. dollars;Billions;See notes for:  Gross domestic product, current prices (National currency).;2.146;2.146;2.046;2.121;2.095;1.962;2.048;2.013;2.314;2.639;2.999;3.821;3.120;3.591;2.081;2.423;3.956;4.619;3.036;3.080;3.023;2.967;3.496;3.211;3.476;3.656;3.998;4.431;5.321;6.195;6.957;7.984;5.981;5.432;6.055;6.402;5.492;6.230;6.911;7.663;8.488;9.268;9.598;9.930;10.341;10.779;11.383;2019
MYS;Malaysia;Gross domestic product, current prices;U.S. dollars;Billions;See notes for:  Gross domestic product, current prices (National currency).;26.757;27.321;29.278;32.745;37.087;34.090;30.303;34.529;37.845;41.678;47.236;53.514;64.424;72.858;81.121;96.750;109.839;109.098;78.609;86.203;102.149;101.054;109.833;120.025;135.869;150.345;170.412;202.733;241.763;211.854;258.641;302.184;318.910;327.869;342.868;301.355;301.255;319.109;358.713;364.684;338.276;387.093;417.209;453.228;487.996;525.042;564.641;2019
MDV;Maldives;Gross domestic product, current prices;U.S. dollars;Billions;See notes for:  Gross domestic product, current prices (National currency).;0.063;0.073;0.087;0.094;0.113;0.134;0.158;0.149;0.178;0.201;0.231;0.262;0.306;0.346;0.382;0.466;0.527;0.652;0.693;0.756;0.801;0.767;0.828;1.052;1.227;1.163;1.575;1.868;2.272;2.345;2.588;2.629;2.885;3.286;3.690;4.098;4.367;4.747;5.293;5.632;3.755;4.536;5.252;6.035;6.547;7.051;7.588;2020
MLI;Mali;Gross domestic product, current prices;U.S. dollars;Billions;See notes for:  Gross domestic product, current prices (National currency).;2.031;1.660;1.468;1.418;1.416;1.426;1.981;2.308;2.316;2.827;3.223;3.284;3.372;3.362;2.575;3.337;3.416;3.208;3.328;3.444;2.963;3.468;3.905;4.713;5.452;6.251;6.906;8.157;9.837;10.221;10.698;12.993;12.450;13.243;14.369;13.106;14.022;15.360;17.079;17.308;17.639;19.912;21.824;23.434;25.131;26.649;28.827;2018
MLT;Malta;Gross domestic product, current prices;U.S. dollars;Billions;See notes for:  Gross domestic product, current prices (National currency).;n/a;n/a;n/a;n/a;n/a;n/a;n/a;n/a;n/a;n/a;n/a;n/a;n/a;n/a;n/a;3.380;3.446;3.489;3.697;3.858;4.075;4.089;4.478;5.455;6.102;6.415;6.811;7.989;9.127;8.721;9.043;9.637;9.468;10.551;11.629;11.093;11.698;13.217;14.872;15.218;14.559;16.476;17.901;19.041;20.288;21.632;23.050;2020
MHL;Marshall Islands;Gross domestic product, current prices;U.S. dollars;Billions;See notes for:  Gross domestic product, current prices (National currency).;n/a;n/a;n/a;n/a;n/a;n/a;n/a;n/a;n/a;n/a;n/a;n/a;n/a;n/a;n/a;n/a;n/a;0.111;0.114;0.115;0.115;0.122;0.132;0.131;0.133;0.137;0.142;0.148;0.152;0.150;0.160;0.172;0.181;0.185;0.182;0.184;0.201;0.212;0.222;0.239;0.234;0.234;0.247;0.258;0.269;0.279;0.289;2019
MRT;Mauritania;Gross domestic product, current prices;U.S. dollars;Billions;See notes for:  Gross domestic product, current prices (National currency).;n/a;n/a;n/a;n/a;n/a;n/a;n/a;n/a;n/a;n/a;1.793;2.055;2.164;1.847;1.945;2.092;2.132;2.072;2.027;1.986;1.780;1.746;1.777;2.051;2.362;2.936;4.009;4.328;5.138;4.725;5.637;6.782;6.721;7.331;6.615;6.182;6.414;6.784;7.048;7.930;8.176;9.239;8.724;9.210;9.748;10.195;10.685;2018
MUS;Mauritius;Gross domestic product, current prices;U.S. dollars;Billions;See notes for:  Gross domestic product, current prices (National currency).;1.225;1.163;1.116;1.182;1.094;1.107;1.495;1.893;2.196;2.256;2.706;2.977;3.352;3.455;3.835;4.380;4.529;4.253;4.296;4.536;4.869;4.817;5.055;6.073;6.869;6.775;7.029;8.150;9.990;9.129;10.004;11.518;11.669;12.130;12.803;11.692;12.232;13.259;14.182;14.048;11.396;12.212;13.390;14.077;14.599;15.117;15.700;2018
MEX;Mexico;Gross domestic product, current prices;U.S. dollars;Billions;See notes for:  Gross domestic product, current prices (National currency).;228.606;293.610;213.077;173.714;204.860;217.388;150.513;165.058;201.926;246.079;290.402;348.139;403.733;500.795;527.811;360.096;410.973;500.416;526.522;600.225;707.909;756.693;772.110;729.335;782.243;877.477;975.383;1,052.697;1,109.987;900.047;1,057.801;1,180.487;1,201.094;1,274.444;1,315.356;1,171.870;1,078.493;1,158.912;1,222.346;1,268.868;1,076.163;1,192.480;1,251.085;1,307.814;1,368.868;1,430.835;1,494.678;2020
FSM;Micronesia;Gross domestic product, current prices;U.S. dollars;Billions;See notes for:  Gross domestic product, current prices (National currency).;n/a;n/a;n/a;n/a;n/a;n/a;n/a;n/a;n/a;n/a;n/a;n/a;n/a;n/a;n/a;0.221;0.218;0.207;0.219;0.220;0.233;0.241;0.242;0.245;0.240;0.250;0.253;0.257;0.263;0.280;0.297;0.311;0.327;0.317;0.319;0.316;0.332;0.367;0.402;0.413;0.408;0.401;0.421;0.438;0.450;0.462;0.474;2018
MDA;Moldova;Gross domestic product, current prices;U.S. dollars;Billions;See notes for:  Gross domestic product, current prices (National currency).;n/a;n/a;n/a;n/a;n/a;n/a;n/a;n/a;n/a;n/a;n/a;n/a;0.864;1.110;1.158;1.441;1.694;1.928;1.697;1.172;1.315;1.481;1.662;1.981;2.598;2.988;3.408;4.401;6.055;5.438;6.977;8.417;8.708;9.496;9.510;7.726;8.072;9.670;11.309;11.956;11.500;11.998;12.577;13.210;13.875;14.573;15.398;2019
MNG;Mongolia;Gross domestic product, current prices;U.S. dollars;Billions;See notes for:  Gross domestic product, current prices (National currency).;3.188;3.336;3.463;3.590;3.316;3.851;4.250;4.776;4.797;4.997;3.131;3.297;1.831;0.901;1.083;1.697;1.576;1.381;1.315;1.236;1.329;1.485;1.634;1.864;2.319;2.523;3.414;4.235;5.623;4.584;7.185;10.410;12.278;12.582;12.227;11.750;11.159;11.426;13.138;13.997;13.137;14.233;15.619;16.910;18.132;19.448;20.868;2020
MNE;Montenegro;Gross domestic product, current prices;U.S. dollars;Billions;See notes for:  Gross domestic product, current prices (National currency).;n/a;n/a;n/a;n/a;n/a;n/a;n/a;n/a;n/a;n/a;n/a;n/a;n/a;n/a;n/a;n/a;n/a;n/a;n/a;n/a;0.966;1.150;1.269;1.681;2.073;2.261;2.724;3.686;4.564;4.171;4.146;4.544;4.090;4.466;4.595;4.055;4.376;4.855;5.509;5.543;4.790;5.651;6.106;6.458;6.774;7.092;7.426;2020
MAR;Morocco;Gross domestic product, current prices;U.S. dollars;Billions;See notes for:  Gross domestic product, current prices (National currency).;21.998;17.860;18.028;16.296;14.904;15.043;19.864;21.911;25.947;26.706;30.180;32.286;33.712;31.656;35.605;39.029;43.162;39.147;41.806;41.632;38.859;39.460;42.238;52.064;59.626;62.343;68.641;79.041;92.507;92.897;93.217;101.371;98.266;106.826;110.081;101.179;103.312;109.683;118.096;119.701;113.548;124.003;131.309;138.351;145.820;153.764;161.960;2019
MOZ;Mozambique;Gross domestic product, current prices;U.S. dollars;Billions;See notes for:  Gross domestic product, current prices (National currency).;4.615;3.585;3.662;3.280;3.417;4.516;5.301;2.395;2.105;2.199;3.529;3.704;2.584;2.651;2.848;2.959;4.163;4.976;5.625;5.928;5.390;5.310;5.626;6.254;7.589;8.512;9.303;10.534;12.640;12.261;11.418;14.382;16.257;16.968;17.623;15.951;11.937;13.150;14.710;15.195;14.385;13.957;14.889;16.635;19.080;21.914;23.594;2019
MMR;Myanmar;Gross domestic product, current prices;U.S. dollars;Billions;See notes for:  Gross domestic product, current prices (National currency).;n/a;n/a;n/a;n/a;n/a;n/a;n/a;n/a;n/a;n/a;n/a;n/a;n/a;n/a;n/a;n/a;n/a;n/a;5.154;6.439;7.736;7.131;6.921;8.881;10.754;12.126;13.585;17.855;25.470;30.864;38.084;53.916;59.000;60.903;63.153;62.655;60.090;61.267;66.699;68.802;81.257;76.195;79.415;85.204;91.807;98.922;106.654;2020
NAM;Namibia;Gross domestic product, current prices;U.S. dollars;Billions;See notes for:  Gross domestic product, current prices (National currency).;n/a;n/a;n/a;n/a;n/a;n/a;n/a;n/a;n/a;n/a;2.838;2.854;3.014;2.891;3.254;3.503;3.494;3.636;3.215;3.384;3.911;3.550;3.369;4.932;6.617;7.258;7.984;8.730;8.496;8.915;11.281;12.423;13.016;12.168;12.434;11.450;10.719;12.883;13.672;12.541;10.564;11.381;12.023;12.582;13.128;13.705;14.322;2020
NRU;Nauru;Gross domestic product, current prices;U.S. dollars;Billions;See notes for:  Gross domestic product, current prices (National currency).;n/a;n/a;n/a;n/a;n/a;n/a;n/a;n/a;n/a;n/a;n/a;n/a;n/a;n/a;n/a;n/a;n/a;n/a;n/a;n/a;n/a;n/a;n/a;n/a;0.032;0.031;0.029;0.023;0.037;0.044;0.047;0.066;0.097;0.099;0.105;0.087;0.100;0.110;0.124;0.119;0.114;0.133;0.143;0.148;0.151;0.153;0.157;2019
NPL;Nepal;Gross domestic product, current prices;U.S. dollars;Billions;See notes for:  Gross domestic product, current prices (National currency).;2.263;2.647;2.675;2.927;3.096;3.215;3.499;3.629;4.279;4.326;4.452;4.872;4.426;4.754;4.965;5.391;5.557;6.040;6.006;6.177;6.551;6.734;6.832;7.234;8.315;9.351;10.339;11.803;14.342;14.696;18.293;21.733;21.703;22.161;22.722;24.361;24.524;28.972;33.112;34.187;34.465;36.084;38.679;42.220;45.761;49.392;53.285;2020
NLD;Netherlands;Gross domestic product, current prices;U.S. dollars;Billions;See notes for:  Gross domestic product, current prices (National currency).;193.758;162.400;157.338;153.179;142.578;144.655;201.599;246.928;264.223;260.532;321.405;331.097;366.004;355.931;382.550;452.710;450.625;417.329;438.610;447.493;417.664;431.590;473.527;579.925;658.081;685.727;733.994;848.659;951.766;870.572;848.073;905.111;839.455;877.186;892.398;765.650;783.844;833.575;914.458;907.151;909.503;1,012.598;1,073.229;1,113.023;1,150.973;1,189.542;1,229.129;2019
NZL;New Zealand;Gross domestic product, current prices;U.S. dollars;Billions;See notes for:  Gross domestic product, current prices (National currency).;22.520;23.439;23.205;22.453;22.347;22.508;27.390;36.927;45.442;44.062;45.774;43.446;41.525;44.797;52.873;62.214;69.062;68.889;56.778;58.849;54.140;53.107;62.046;82.469;101.577;113.206;109.697;134.836;135.360;121.755;145.288;166.944;175.044;187.105;200.139;176.193;185.962;203.817;209.827;210.224;209.329;243.332;253.908;265.463;279.186;294.172;309.909;2020
NIC;Nicaragua;Gross domestic product, current prices;U.S. dollars;Billions;See notes for:  Gross domestic product, current prices (National currency).;1.832;2.156;2.497;2.900;3.966;3.854;5.800;3.409;1.499;2.082;0.519;3.678;3.894;3.726;3.861;4.140;4.308;4.390;4.635;4.856;5.109;5.335;5.224;5.322;5.793;6.321;6.764;7.423;8.497;8.297;8.759;9.774;10.532;10.983;11.880;12.757;13.286;13.786;13.064;12.535;12.146;12.283;12.676;12.992;13.290;13.669;14.217;2019
NER;Niger;Gross domestic product, current prices;U.S. dollars;Billions;See notes for:  Gross domestic product, current prices (National currency).;3.531;3.056;2.840;2.538;2.056;2.027;2.680;3.143;3.210;3.068;3.491;3.271;3.372;3.041;1.935;2.296;2.397;2.285;2.639;2.532;2.235;2.442;2.772;3.382;3.746;4.372;4.743;5.716;7.279;7.324;7.838;8.754;9.412;10.206;10.830;9.684;10.350;11.185;12.850;12.912;13.698;15.899;18.528;21.047;22.930;24.861;26.835;2019
NGA;Nigeria;Gross domestic product, current prices;U.S. dollars;Billions;See notes for:  Gross domestic product, current prices (National currency).;n/a;n/a;n/a;n/a;n/a;n/a;n/a;n/a;n/a;n/a;62.165;60.131;52.275;56.807;80.128;132.230;172.686;187.866;209.677;57.477;67.824;73.128;93.983;102.935;130.345;169.645;222.791;262.215;330.260;297.458;369.062;414.095;460.952;514.966;568.499;492.437;404.649;375.745;421.737;448.120;429.423;514.049;588.419;668.853;757.212;853.809;964.232;2019
MKD;North Macedonia;Gross domestic product, current prices;U.S. dollars;Billions;See notes for:  Gross domestic product, current prices (National currency).;n/a;n/a;n/a;n/a;n/a;n/a;n/a;n/a;n/a;n/a;n/a;n/a;2.443;2.687;3.561;4.687;4.642;3.928;3.764;3.867;3.774;3.709;3.991;4.946;5.684;6.257;6.860;8.337;9.912;9.400;9.415;10.499;9.751;10.824;11.378;10.067;10.686;11.336;12.694;12.550;12.288;13.821;14.855;15.749;16.681;17.645;18.658;2020
NOR;Norway;Gross domestic product, current prices;U.S. dollars;Billions;See notes for:  Gross domestic product, current prices (National currency).;64.439;63.597;62.647;61.627;62.058;65.417;78.693;94.231;101.901;102.634;119.791;121.872;130.838;120.579;127.132;152.031;163.520;161.357;154.163;162.285;171.246;173.973;195.525;228.858;264.510;308.884;345.579;400.939;462.250;386.188;428.757;498.283;509.506;522.762;498.410;385.802;368.827;398.394;437.000;405.510;362.009;444.519;463.201;477.476;489.498;502.236;515.685;2018
OMN;Oman;Gross domestic product, current prices;U.S. dollars;Billions;See notes for:  Gross domestic product, current prices (National currency).;6.342;7.719;8.100;8.491;9.358;10.395;8.229;8.628;8.386;9.372;11.686;11.341;12.452;12.494;12.919;13.803;15.277;15.837;13.997;15.593;19.507;19.452;20.143;21.634;24.764;31.082;37.216;42.085;60.905;48.388;57.048;68.017;76.616;78.784;81.077;68.919;65.481;70.598;79.789;76.331;63.192;74.115;79.283;81.264;83.280;85.207;87.738;2019
PAK;Pakistan;Gross domestic product, current prices;U.S. dollars;Billions;See notes for:  Gross domestic product, current prices (National currency).;30.938;36.599;40.004;37.350;40.549;40.545;41.522;43.401;49.981;52.110;52.298;59.413;63.563;67.274;67.813;79.250;82.758;81.598;81.224;76.919;79.653;77.644;78.258;89.943;105.562;117.798;137.267;152.398;169.726;167.125;176.738;213.308;223.119;230.644;243.940;270.170;278.023;304.603;313.073;276.114;262.799;n/a;n/a;n/a;n/a;n/a;n/a;2020
PLW;Palau;Gross domestic product, current prices;U.S. dollars;Billions;See notes for:  Gross domestic product, current prices (National currency).;n/a;n/a;n/a;n/a;n/a;n/a;n/a;n/a;n/a;n/a;n/a;n/a;n/a;n/a;n/a;n/a;n/a;n/a;n/a;n/a;0.146;0.157;0.163;0.154;0.165;0.185;0.189;0.195;0.198;0.184;0.184;0.193;0.212;0.224;0.244;0.279;0.297;0.288;0.285;0.280;0.254;0.229;0.255;0.296;0.307;0.319;0.332;2019
PAN;Panama;Gross domestic product, current prices;U.S. dollars;Billions;See notes for:  Gross domestic product, current prices (National currency).;4.104;4.645;5.132;5.269;5.500;5.818;6.046;6.073;5.250;5.264;5.723;6.292;7.153;7.812;8.330;8.515;10.040;10.849;11.762;12.326;12.502;12.704;13.204;13.915;15.255;16.638;18.438;21.296;25.156;27.117;29.440;34.686;40.430;45.600;49.921;54.092;57.908;62.203;64.928;66.788;52.938;59.377;63.039;67.514;72.308;77.442;82.940;2019
PNG;Papua New Guinea;Gross domestic product, current prices;U.S. dollars;Billions;See notes for:  Gross domestic product, current prices (National currency).;4.087;4.011;3.805;3.799;3.509;3.250;3.535;3.885;5.400;5.238;4.757;5.596;6.466;7.349;8.077;7.149;7.608;7.272;5.558;5.072;5.169;4.531;4.387;5.488;6.279;7.339;8.355;9.545;11.671;11.619;14.251;17.985;21.295;21.261;23.211;21.723;20.759;22.743;24.110;24.829;23.575;24.536;24.916;25.372;26.545;27.759;30.109;2019
PRY;Paraguay;Gross domestic product, current prices;U.S. dollars;Billions;See notes for:  Gross domestic product, current prices (National currency).;4.095;5.220;5.470;6.069;4.931;4.214;5.032;4.216;5.584;4.046;4.904;6.984;7.158;7.249;7.871;9.062;9.788;9.965;9.260;8.837;8.856;8.496;7.196;7.691;9.624;10.738;13.430;17.856;24.577;22.341;27.108;33.696;33.308;38.736;40.277;36.164;36.054;39.009;40.385;38.145;35.875;37.836;40.183;42.953;45.448;47.949;50.586;2019
PER;Peru;Gross domestic product, current prices;U.S. dollars;Billions;See notes for:  Gross domestic product, current prices (National currency).;20.190;24.398;24.259;18.863;19.442;16.823;25.241;41.681;32.978;40.699;28.326;33.988;35.377;34.330;43.225;51.380;53.412;56.281;53.918;48.719;50.414;51.034;53.954;58.537;66.126;74.232;87.459;102.187;121.754;121.493;148.931;170.983;192.882;202.091;202.308;191.316;194.950;214.061;225.141;230.746;203.772;225.918;240.911;255.001;266.414;278.127;290.849;2020
PHL;Philippines;Gross domestic product, current prices;U.S. dollars;Billions;See notes for:  Gross domestic product, current prices (National currency).;37.082;40.735;42.441;37.953;35.860;34.973;34.129;37.932;43.293;48.652;50.508;51.784;60.422;62.037;73.159;84.644;94.650;94.106;74.492;85.640;83.667;78.921;84.307;87.039;95.002;107.422;127.653;155.980;181.007;176.132;208.369;234.217;261.920;283.903;297.484;306.446;318.627;328.481;346.842;376.795;362.243;402.638;434.652;469.247;506.697;547.147;590.856;2020
POL;Poland;Gross domestic product, current prices;U.S. dollars;Billions;See notes for:  Gross domestic product, current prices (National currency).;56.731;53.752;65.315;75.555;75.656;70.915;73.822;63.840;68.747;67.027;62.206;80.610;88.888;90.544;103.887;139.363;156.993;157.493;172.389;168.130;171.613;190.805;199.070;217.829;255.292;306.304;344.627;429.021;533.600;439.794;479.834;528.292;498.517;521.013;542.602;477.488;472.256;526.643;587.433;595.772;594.180;642.121;697.432;752.831;805.910;861.827;924.198;2020
PRT;Portugal;Gross domestic product, current prices;U.S. dollars;Billions;See notes for:  Gross domestic product, current prices (National currency).;32.607;32.477;30.678;28.267;25.951;27.231;37.869;47.387;55.435;59.806;79.439;89.904;108.119;95.139;99.692;118.182;122.655;117.211;124.124;127.597;118.658;121.605;134.700;165.185;189.296;197.363;208.767;240.524;263.388;244.402;238.308;245.075;216.361;226.437;229.961;199.414;206.369;221.280;242.423;239.537;231.348;257.391;277.409;289.564;301.361;312.003;322.601;2020
PRI;Puerto Rico;Gross domestic product, current prices;U.S. dollars;Billions;See notes for:  Gross domestic product, current prices (National currency).;14.436;15.956;16.764;17.277;19.163;20.289;21.969;23.878;26.178;28.267;30.604;32.287;34.630;36.923;39.691;42.647;45.341;48.187;54.086;57.841;61.702;69.669;72.546;75.834;80.322;83.915;87.276;89.524;93.639;96.386;98.381;100.352;101.565;102.450;102.446;103.376;104.337;103.446;100.989;104.989;95.851;100.684;102.907;104.470;105.411;106.341;107.592;2019
QAT;Qatar;Gross domestic product, current prices;U.S. dollars;Billions;See notes for:  Gross domestic product, current prices (National currency).;6.665;7.374;6.467;5.506;5.708;5.339;4.214;4.441;4.260;4.502;6.266;5.579;6.384;5.804;5.946;6.861;7.761;9.976;8.488;11.266;18.085;17.498;19.334;23.716;30.651;44.636;58.629;75.987;112.621;88.196;119.707;167.775;186.834;198.728;206.225;161.740;151.732;161.099;183.335;175.838;146.090;166.031;174.381;178.282;183.595;190.777;198.840;2019
ROU;Romania;Gross domestic product, current prices;U.S. dollars;Billions;See notes for:  Gross domestic product, current prices (National currency).;46.053;55.319;55.375;48.401;39.111;48.286;52.290;58.477;60.538;54.236;38.516;29.070;19.779;26.624;30.376;35.838;35.692;35.644;42.543;35.953;37.281;40.395;46.065;57.806;74.974;98.454;122.024;174.589;214.317;174.102;166.309;183.326;170.636;190.800;199.961;177.731;188.130;211.696;241.456;249.695;247.214;289.130;316.339;339.749;362.800;386.575;410.819;2019
RUS;Russia;Gross domestic product, current prices;U.S. dollars;Billions;See notes for:  Gross domestic product, current prices (National currency).;n/a;n/a;n/a;n/a;n/a;n/a;n/a;n/a;n/a;n/a;n/a;n/a;91.670;196.227;293.768;335.777;412.685;433.704;287.672;209.657;278.264;328.475;370.062;461.518;633.294;817.717;1,060.901;1,393.416;1,779.109;1,307.927;1,633.111;2,046.621;2,191.484;2,288.428;2,048.836;1,356.704;1,280.648;1,575.140;1,653.006;1,689.302;1,473.583;1,710.734;1,777.102;1,826.961;1,879.532;1,938.996;2,004.145;2020
RWA;Rwanda;Gross domestic product, current prices;U.S. dollars;Billions;See notes for:  Gross domestic product, current prices (National currency).;1.259;1.429;1.525;1.629;1.560;1.853;2.100;2.331;2.495;2.605;2.491;1.837;1.950;1.881;1.195;1.239;1.343;1.808;1.931;1.797;1.718;1.676;1.673;1.847;2.099;2.590;3.327;4.082;5.201;5.694;6.148;6.911;7.687;7.852;8.272;8.585;8.734;9.253;9.629;10.123;10.372;10.633;11.288;12.426;13.620;14.917;16.133;2018
WSM;Samoa;Gross domestic product, current prices;U.S. dollars;Billions;See notes for:  Gross domestic product, current prices (National currency).;0.124;0.116;0.119;0.110;0.108;0.103;0.109;0.121;0.135;0.138;0.177;0.172;0.188;0.193;0.154;0.236;0.251;0.273;0.279;0.255;0.264;0.266;0.282;0.333;0.408;0.474;0.503;0.554;0.667;0.603;0.663;0.737;0.761;0.770;0.757;0.788;0.799;0.832;0.837;0.852;0.804;0.752;0.777;0.815;0.862;0.904;0.943;2020
SMR;San Marino;Gross domestic product, current prices;U.S. dollars;Billions;See notes for:  Gross domestic product, current prices (National currency).;n/a;n/a;n/a;n/a;n/a;n/a;n/a;n/a;n/a;n/a;n/a;n/a;n/a;n/a;n/a;n/a;n/a;n/a;n/a;n/a;n/a;n/a;n/a;n/a;1.714;1.789;1.910;2.189;2.403;2.062;1.883;1.813;1.606;1.678;1.674;1.420;1.468;1.528;1.656;1.616;1.505;1.688;1.787;1.838;1.880;1.929;1.978;2019
STP;São Tomé and Príncipe;Gross domestic product, current prices;U.S. dollars;Billions;See notes for:  Gross domestic product, current prices (National currency).;0.069;0.084;0.081;0.076;0.079;0.083;0.117;0.117;0.100;0.099;0.120;0.108;0.096;0.127;0.132;0.104;0.136;0.093;0.073;0.078;0.077;0.072;0.080;0.096;0.104;0.125;0.133;0.145;0.188;0.188;0.197;0.233;0.253;0.303;0.349;0.318;0.348;0.376;0.416;0.422;0.418;0.485;0.534;0.577;0.625;0.676;0.738;2019
SAU;Saudi Arabia;Gross domestic product, current prices;U.S. dollars;Billions;See notes for:  Gross domestic product, current prices (National currency).;164.540;184.291;153.240;129.181;119.631;103.894;86.886;85.582;88.138;95.217;117.473;132.047;136.905;132.791;134.995;143.152;158.451;165.742;146.775;161.717;189.515;184.137;189.606;215.808;258.742;328.206;376.398;415.687;519.797;429.098;528.207;671.239;735.975;746.647;756.350;654.270;644.936;688.586;786.522;792.967;701.467;804.921;827.133;854.717;889.176;923.844;966.264;2019
SEN;Senegal;Gross domestic product, current prices;U.S. dollars;Billions;See notes for:  Gross domestic product, current prices (National currency).;4.338;3.934;3.850;3.435;3.350;3.668;5.188;6.241;6.173;6.083;7.078;6.955;7.435;7.014;4.746;6.026;6.300;5.867;6.416;6.599;6.016;6.508;7.001;8.767;10.072;11.015;11.699;13.996;16.852;16.128;16.134;17.811;17.672;18.919;19.802;17.777;19.035;20.989;23.127;23.307;24.448;27.927;30.521;34.694;38.494;41.505;45.374;2019
SRB;Serbia;Gross domestic product, current prices;U.S. dollars;Billions;See notes for:  Gross domestic product, current prices (National currency).;n/a;n/a;n/a;n/a;n/a;n/a;n/a;n/a;n/a;n/a;n/a;n/a;n/a;n/a;n/a;n/a;n/a;n/a;n/a;n/a;9.318;12.321;16.188;21.234;24.760;27.515;32.625;43.425;52.130;45.188;41.397;49.314;43.330;48.428;47.095;39.656;40.693;44.179;50.641;51.475;52.960;60.435;65.107;69.532;74.340;79.530;85.021;2019
SYC;Seychelles;Gross domestic product, current prices;U.S. dollars;Billions;See notes for:  Gross domestic product, current prices (National currency).;0.147;0.154;0.148;0.147;0.151;0.169;0.208;0.249;0.284;0.305;0.369;0.374;0.434;0.474;0.486;0.508;0.503;0.563;0.608;0.623;0.615;0.622;0.698;0.706;0.839;0.919;1.016;1.034;0.998;0.847;0.970;1.018;1.060;1.328;1.343;1.377;1.426;1.528;1.542;1.580;1.131;0.948;1.013;1.199;1.407;1.716;2.054;2019
SLE;Sierra Leone;Gross domestic product, current prices;U.S. dollars;Billions;See notes for:  Gross domestic product, current prices (National currency).;1.701;1.823;2.050;1.782;2.062;1.755;1.314;1.145;1.877;1.724;0.948;1.138;0.992;1.122;1.331;1.273;1.374;1.240;0.981;0.977;0.941;1.084;1.250;1.380;1.439;1.610;1.884;2.159;2.511;2.454;2.578;2.942;3.802;4.916;5.007;4.252;3.855;3.713;4.085;4.119;4.204;4.420;4.445;4.525;4.709;4.929;5.178;2018
SGP;Singapore;Gross domestic product, current prices;U.S. dollars;Billions;See notes for:  Gross domestic product, current prices (National currency).;12.082;14.367;15.879;18.011;19.563;18.573;18.780;21.629;26.551;31.436;38.892;45.465;52.131;60.604;73.689;87.813;96.293;100.124;85.728;86.287;96.077;89.794;92.538;97.646;115.034;127.808;148.627;180.942;193.617;194.150;239.808;279.357;295.093;307.576;314.864;307.999;318.753;343.332;375.963;374.390;339.981;374.394;391.912;410.340;429.361;448.790;469.257;2019
SVK;Slovak Republic;Gross domestic product, current prices;U.S. dollars;Billions;See notes for:  Gross domestic product, current prices (National currency).;n/a;n/a;n/a;n/a;n/a;n/a;n/a;n/a;n/a;n/a;n/a;n/a;n/a;13.726;15.837;20.034;21.659;21.927;22.825;20.867;20.730;21.421;24.888;34.085;43.190;49.116;57.492;77.239;97.170;89.302;90.473;99.235;94.589;98.878;101.351;88.512;89.691;95.461;105.750;105.091;104.088;117.664;127.347;135.459;143.038;150.566;157.657;2019
SVN;Slovenia;Gross domestic product, current prices;U.S. dollars;Billions;See notes for:  Gross domestic product, current prices (National currency).;n/a;n/a;n/a;n/a;n/a;n/a;n/a;n/a;n/a;n/a;n/a;n/a;19.271;16.626;16.845;21.384;21.516;20.805;22.168;22.770;20.393;20.901;23.539;29.673;34.448;36.261;39.514;48.073;55.773;50.513;48.248;51.575;46.607;48.416;50.010;43.112;44.754;48.569;54.186;54.180;52.838;59.132;63.576;67.066;70.529;73.862;77.185;2020
SLB;Solomon Islands;Gross domestic product, current prices;U.S. dollars;Billions;See notes for:  Gross domestic product, current prices (National currency).;0.183;0.194;0.193;0.181;0.182;0.166;0.148;0.155;0.176;0.173;0.215;0.228;0.269;0.301;0.403;0.469;0.511;0.527;0.458;0.488;0.420;0.410;0.346;0.353;0.398;0.477;0.539;0.620;0.699;0.736;0.847;1.050;1.191;1.285;1.338;1.311;1.381;1.458;1.566;1.579;1.567;1.644;1.805;1.975;2.123;2.258;2.399;2019
SOM;Somalia;Gross domestic product, current prices;U.S. dollars;Billions;See notes for:  Gross domestic product, current prices (National currency).;n/a;n/a;n/a;n/a;n/a;n/a;n/a;n/a;n/a;n/a;n/a;n/a;n/a;n/a;n/a;n/a;n/a;n/a;n/a;n/a;n/a;n/a;n/a;n/a;n/a;n/a;n/a;n/a;n/a;n/a;n/a;3.499;3.611;3.892;3.964;4.049;4.198;4.509;4.721;4.944;4.920;5.367;5.641;5.941;6.268;6.633;7.046;2019
ZAF;South Africa;Gross domestic product, current prices;U.S. dollars;Billions;See notes for:  Gross domestic product, current prices (National currency).;82.981;85.463;78.415;87.417;77.315;59.102;67.562;88.572;95.207;99.044;115.533;123.964;134.557;134.345;139.804;155.461;147.701;152.611;137.686;136.550;136.453;121.602;115.748;175.254;228.931;257.667;271.812;299.033;287.095;297.221;375.304;416.879;396.332;366.821;350.901;317.578;296.273;349.433;368.135;351.354;302.114;329.529;344.139;354.886;365.985;377.566;406.937;2020
SSD;South Sudan;Gross domestic product, current prices;U.S. dollars;Billions;See notes for:  Gross domestic product, current prices (National currency).;n/a;n/a;n/a;n/a;n/a;n/a;n/a;n/a;n/a;n/a;n/a;n/a;n/a;n/a;n/a;n/a;n/a;n/a;n/a;n/a;n/a;n/a;n/a;n/a;n/a;n/a;n/a;n/a;n/a;n/a;n/a;17.186;11.267;14.947;15.383;14.801;3.501;3.495;4.659;4.143;4.074;4.461;5.345;5.659;6.026;6.067;6.881;2018
ESP;Spain;Gross domestic product, current prices;U.S. dollars;Billions;See notes for:  Gross domestic product, current prices (National currency).;230.759;204.588;197.643;172.856;172.381;181.620;251.304;318.389;374.068;412.590;535.652;576.446;630.122;529.319;531.137;613.946;640.026;589.376;618.414;635.968;598.628;627.834;708.256;907.264;1,068.570;1,154.354;1,260.466;1,474.176;1,631.685;1,489.853;1,423.270;1,480.450;1,325.583;1,355.162;1,371.576;1,195.721;1,232.573;1,312.076;1,422.799;1,393.644;1,278.208;1,461.552;1,571.099;1,644.730;1,715.981;1,769.026;1,824.047;2020
LKA;Sri Lanka;Gross domestic product, current prices;U.S. dollars;Billions;See notes for:  Gross domestic product, current prices (National currency).;5.024;5.228;5.644;6.093;7.142;7.064;7.571;7.884;8.240;8.271;9.468;10.367;11.176;11.948;13.781;14.635;16.051;17.940;18.429;18.519;19.355;18.609;19.579;21.624;23.628;27.939;32.357;37.023;46.608;48.129;56.732;65.265;68.381;74.253;79.312;80.557;82.390;87.422;87.922;83.978;80.700;84.532;88.315;94.046;100.288;107.043;114.282;2019
KNA;St. Kitts and Nevis;Gross domestic product, current prices;U.S. dollars;Billions;See notes for:  Gross domestic product, current prices (National currency).;0.058;0.069;0.079;0.078;0.091;0.101;0.119;0.136;0.161;0.179;0.203;0.201;0.223;0.243;0.272;0.293;0.312;0.351;0.366;0.389;0.421;0.458;0.481;0.469;0.507;0.547;0.644;0.689;0.751;0.748;0.760;0.818;0.800;0.840;0.917;0.923;0.971;0.997;1.011;1.065;0.852;0.831;0.913;1.000;1.076;1.129;1.185;2019
LCA;St. Lucia;Gross domestic product, current prices;U.S. dollars;Billions;See notes for:  Gross domestic product, current prices (National currency).;0.170;0.194;0.183;0.197;0.251;0.284;0.340;0.375;0.430;0.487;0.580;0.614;0.674;0.685;0.714;0.763;0.789;0.806;0.877;0.922;0.933;0.892;0.900;0.987;1.067;1.136;1.268;1.336;1.438;1.402;1.487;1.577;1.605;1.665;1.755;1.808;1.865;1.999;2.066;2.122;1.692;1.787;2.020;2.127;2.222;2.307;2.388;2019
VCT;St. Vincent and the Grenadines;Gross domestic product, current prices;U.S. dollars;Billions;See notes for:  Gross domestic product, current prices (National currency).;0.082;0.102;0.114;0.122;0.135;0.146;0.161;0.176;0.201;0.215;0.240;0.255;0.278;0.286;0.289;0.316;0.331;0.348;0.374;0.391;0.396;0.430;0.462;0.482;0.522;0.551;0.611;0.684;0.695;0.675;0.681;0.676;0.693;0.721;0.728;0.755;0.774;0.792;0.811;0.825;0.787;0.798;0.854;0.900;0.946;0.991;1.038;2019
SDN;Sudan;Gross domestic product, current prices;U.S. dollars;Billions;See notes for:  Gross domestic product, current prices (National currency).;9.095;6.530;4.748;6.485;7.992;5.547;7.400;11.964;9.551;16.853;2.245;2.528;3.100;5.246;5.961;6.694;8.377;10.241;10.924;10.714;13.134;15.716;18.137;21.355;26.646;35.183;45.264;59.440;64.833;54.812;65.716;66.448;48.948;52.892;60.726;64.536;64.883;47.837;35.891;33.564;34.370;35.827;35.917;36.745;37.976;39.556;41.245;2019
SUR;Suriname;Gross domestic product, current prices;U.S. dollars;Billions;See notes for:  Gross domestic product, current prices (National currency).;1.192;1.333;1.372;1.325;1.296;1.309;1.336;1.469;1.741;2.034;0.539;0.594;0.551;0.434;0.488;0.927;1.153;1.235;1.483;1.222;1.266;1.090;1.376;1.615;1.868;2.235;2.626;2.936;3.533;3.876;4.368;4.422;4.980;5.146;5.241;4.787;3.129;3.216;3.465;3.697;2.410;2.465;2.571;2.704;2.822;2.934;3.063;2019
SWE;Sweden;Gross domestic product, current prices;U.S. dollars;Billions;See notes for:  Gross domestic product, current prices (National currency).;140.384;128.148;113.059;103.890;108.255;113.249;149.633;181.991;205.883;216.691;259.900;272.205;283.228;212.953;229.034;267.307;291.746;268.146;270.810;274.071;262.834;242.395;266.848;334.337;385.119;392.219;423.091;491.255;517.706;436.536;495.813;574.094;552.484;586.842;581.964;505.104;515.655;541.019;555.455;531.283;537.610;625.948;661.242;695.331;730.118;767.053;806.044;2019
CHE;Switzerland;Gross domestic product, current prices;U.S. dollars;Billions;See notes for:  Gross domestic product, current prices (National currency).;122.701;112.293;114.856;114.512;109.596;111.242;159.381;199.367;215.521;208.386;266.214;269.391;279.957;272.079;301.353;353.295;340.775;295.263;303.790;298.199;279.946;287.554;310.611;363.391;405.059;420.153;443.889;493.925;570.096;558.109;602.899;721.703;692.405;713.254;734.730;702.214;695.457;704.772;736.433;732.187;747.427;824.734;874.157;905.181;949.873;988.213;1,040.195;2019
SYR;Syria;Gross domestic product, current prices;U.S. dollars;Billions;See notes for:  Gross domestic product, current prices (National currency).;12.980;16.652;17.415;18.649;19.171;21.177;25.428;32.497;16.538;9.849;12.303;12.738;13.263;13.796;15.105;16.556;17.761;16.573;16.144;16.785;19.861;20.979;22.758;21.702;25.204;28.881;33.824;40.488;52.631;53.939;60.043;n/a;n/a;n/a;n/a;n/a;n/a;n/a;n/a;n/a;n/a;n/a;n/a;n/a;n/a;n/a;n/a;2010
TWN;Taiwan Province of China;Gross domestic product, current prices;U.S. dollars;Billions;See notes for:  Gross domestic product, current prices (National currency).;42.285;48.969;49.535;54.148;61.071;63.617;78.195;105.039;126.473;152.704;166.622;187.140;222.911;236.339;256.247;279.059;292.494;303.284;279.964;303.830;330.680;299.276;307.439;317.381;346.924;374.060;386.450;406.907;415.901;390.829;444.281;483.974;495.610;512.943;535.328;534.515;543.081;590.733;609.198;612.168;668.510;759.104;810.665;851.056;894.230;929.413;967.718;2020
TJK;Tajikistan;Gross domestic product, current prices;U.S. dollars;Billions;See notes for:  Gross domestic product, current prices (National currency).;n/a;n/a;n/a;n/a;n/a;n/a;n/a;n/a;n/a;n/a;n/a;n/a;0.291;0.678;0.829;0.569;1.052;1.121;1.320;1.087;0.991;1.057;1.212;1.555;2.073;2.311;2.811;3.712;5.135;4.977;5.642;6.523;7.592;8.506;9.242;7.857;6.953;7.144;7.520;8.117;7.997;7.825;8.301;8.756;9.243;9.776;10.294;2019
TZA;Tanzania;Gross domestic product, current prices;U.S. dollars;Billions;See notes for:  Gross domestic product, current prices (National currency).;10.873;13.005;14.932;15.294;13.915;12.556;15.874;7.821;7.474;6.444;5.172;6.019;5.588;5.170;5.478;6.382;7.889;9.341;11.481;11.777;12.369;12.610;13.125;14.159;15.576;17.174;18.867;21.807;27.762;28.985;31.533;34.067;39.651;45.681;50.002;47.384;49.774;53.227;56.699;60.810;63.244;65.919;70.068;74.344;79.243;84.843;90.822;2019
THA;Thailand;Gross domestic product, current prices;U.S. dollars;Billions;See notes for:  Gross domestic product, current prices (National currency).;33.422;35.999;37.799;41.366;43.179;40.185;44.520;52.204;63.704;74.637;88.467;101.247;115.576;128.889;146.684;169.279;183.035;150.180;113.676;126.539;126.132;120.105;134.177;152.142;172.752;189.084;221.579;263.007;290.970;281.399;340.928;370.929;397.722;420.364;407.373;401.142;413.497;456.523;506.403;544.152;501.888;538.735;577.911;608.066;636.982;669.687;704.184;2020
TLS;Timor-Leste;Gross domestic product, current prices;U.S. dollars;Billions;See notes for:  Gross domestic product, current prices (National currency).;n/a;n/a;n/a;n/a;n/a;n/a;n/a;n/a;n/a;n/a;n/a;n/a;n/a;n/a;n/a;n/a;n/a;n/a;n/a;n/a;0.367;0.477;0.469;0.490;0.441;0.462;0.454;0.543;0.648;0.727;0.882;1.055;1.148;1.396;1.447;1.594;1.651;1.599;1.560;2.018;1.791;1.726;1.832;1.930;2.024;2.164;2.318;2019
TGO;Togo;Gross domestic product, current prices;U.S. dollars;Billions;See notes for:  Gross domestic product, current prices (National currency).;1.994;1.656;1.396;1.330;1.222;1.281;1.795;2.107;2.345;2.302;2.772;2.740;2.873;2.189;1.697;2.240;2.448;2.494;2.361;2.370;2.014;2.000;2.301;2.854;3.048;3.080;3.173;3.592;4.483;4.554;4.630;5.223;5.229;5.831;6.174;5.641;6.030;6.393;7.117;7.221;7.495;8.627;9.361;10.097;10.937;11.827;12.785;2016
TON;Tonga;Gross domestic product, current prices;U.S. dollars;Billions;See notes for:  Gross domestic product, current prices (National currency).;0.071;0.079;0.079;0.077;0.081;0.076;0.090;0.098;0.115;0.139;0.144;0.169;0.178;0.183;0.189;0.207;0.218;0.222;0.212;0.197;0.203;0.181;0.183;0.202;0.231;0.262;0.292;0.299;0.344;0.312;0.367;0.415;0.471;0.451;0.440;0.437;0.421;0.460;0.486;0.517;0.514;0.508;0.542;0.573;0.600;0.625;0.649;2019
TTO;Trinidad and Tobago;Gross domestic product, current prices;U.S. dollars;Billions;See notes for:  Gross domestic product, current prices (National currency).;6.343;7.113;8.280;7.898;7.891;7.503;4.877;4.880;4.574;4.397;5.155;5.399;5.533;4.656;5.032;5.421;5.859;5.837;6.148;6.925;8.295;8.960;9.148;11.464;13.472;16.170;18.600;22.006;28.233;19.562;22.522;25.789;25.763;27.268;27.616;24.960;22.394;22.385;23.680;23.208;21.530;22.161;23.283;24.093;24.785;25.500;26.241;2019
TUN;Tunisia;Gross domestic product, current prices;U.S. dollars;Billions;See notes for:  Gross domestic product, current prices (National currency).;9.566;9.223;8.900;9.202;9.054;9.245;9.910;10.663;11.073;11.069;13.474;14.202;16.978;15.944;17.052;19.654;21.283;20.747;21.803;22.943;21.474;22.066;23.142;27.454;31.184;32.272;34.377;38.915;44.844;43.466;44.054;45.810;45.044;46.248;47.634;43.172;41.801;39.627;40.139;39.169;39.553;44.265;46.527;48.428;50.312;52.233;54.058;2019
TUR;Turkey;Gross domestic product, current prices;U.S. dollars;Billions;See notes for:  Gross domestic product, current prices (National currency).;96.596;97.865;88.918;84.968;82.642;92.827;102.337;118.926;125.032;147.727;207.508;208.402;219.176;248.573;179.359;233.566;250.486;261.857;275.834;256.566;274.321;202.248;240.191;314.752;409.127;506.186;555.126;680.489;770.820;648.797;776.558;838.508;880.141;957.504;938.512;864.071;869.280;858.932;779.599;760.940;719.537;794.530;868.440;953.982;1,042.330;1,149.239;1,263.766;2020
TKM;Turkmenistan;Gross domestic product, current prices;U.S. dollars;Billions;See notes for:  Gross domestic product, current prices (National currency).;n/a;n/a;n/a;n/a;n/a;n/a;n/a;n/a;n/a;n/a;n/a;n/a;0.951;5.363;4.542;5.874;2.379;2.681;2.862;3.857;5.022;6.933;8.700;11.424;14.196;17.174;21.393;25.962;21.516;20.214;22.583;29.233;35.164;39.198;43.524;35.800;36.169;37.926;40.765;45.231;47.354;54.218;59.268;64.740;70.815;77.518;84.886;2019
TUV;Tuvalu;Gross domestic product, current prices;U.S. dollars;Billions;See notes for:  Gross domestic product, current prices (National currency).;n/a;n/a;n/a;n/a;n/a;n/a;n/a;n/a;n/a;n/a;n/a;n/a;n/a;n/a;n/a;n/a;n/a;n/a;n/a;n/a;0.014;0.013;0.016;0.018;0.022;0.022;0.023;0.027;0.031;0.027;0.031;0.038;0.037;0.037;0.037;0.035;0.040;0.043;0.046;0.047;0.048;0.057;0.061;0.066;0.071;0.076;0.081;2018
UGA;Uganda;Gross domestic product, current prices;U.S. dollars;Billions;See notes for:  Gross domestic product, current prices (National currency).;7.486;12.120;8.410;9.619;7.399;6.771;6.746;10.878;11.268;9.136;7.452;3.897;3.645;4.311;6.240;7.473;7.713;8.407;8.230;7.823;7.756;7.835;8.425;8.725;10.750;12.460;14.079;17.512;22.419;24.107;24.683;27.501;30.939;32.331;33.122;27.445;29.557;31.384;34.095;37.788;37.613;41.271;44.830;46.072;49.730;54.718;60.377;2019
UKR;Ukraine;Gross domestic product, current prices;U.S. dollars;Billions;See notes for:  Gross domestic product, current prices (National currency).;n/a;n/a;n/a;n/a;n/a;n/a;n/a;n/a;n/a;n/a;n/a;n/a;22.193;35.025;38.012;38.275;46.083;51.867;43.315;32.661;32.331;37.863;42.339;50.096;64.752;85.996;107.767;143.260;181.313;117.079;136.011;163.161;175.707;179.572;130.571;90.489;93.313;112.125;130.927;153.895;151.543;164.593;185.185;202.512;220.456;240.749;262.868;2019
ARE;United Arab Emirates;Gross domestic product, current prices;U.S. dollars;Billions;See notes for:  Gross domestic product, current prices (National currency).;40.415;45.002;41.848;38.345;38.012;37.310;29.568;32.466;32.999;38.090;49.090;49.821;52.208;53.438;57.450;63.637;70.991;76.171;73.394;82.865;103.893;103.312;109.816;124.346;147.824;180.617;222.117;257.916;315.475;253.547;289.787;350.666;374.591;390.108;403.137;358.135;357.045;385.605;422.215;421.142;354.279;401.513;409.757;419.354;432.163;447.690;465.402;2019
GBR;United Kingdom;Gross domestic product, current prices;U.S. dollars;Billions;See notes for:  Gross domestic product, current prices (National currency).;603.983;587.652;558.720;532.476;504.571;536.938;655.086;813.006;989.570;1,007.448;1,193.691;1,247.882;1,289.065;1,154.118;1,239.716;1,341.878;1,416.838;1,558.529;1,651.775;1,682.590;1,661.335;1,639.079;1,782.892;2,052.787;2,413.134;2,535.643;2,709.826;3,094.593;2,952.326;2,421.024;2,484.017;2,660.794;2,704.498;2,785.062;3,067.117;2,933.433;2,703.242;2,664.705;2,860.982;2,833.301;2,710.970;3,124.650;3,340.838;3,490.266;3,660.580;3,838.707;4,027.862;2020
USA;United States;Gross domestic product, current prices;U.S. dollars;Billions;See notes for:  Gross domestic product, current prices (National currency).;2,857.325;3,207.025;3,343.800;3,634.025;4,037.650;4,339.000;4,579.625;4,855.250;5,236.425;5,641.600;5,963.125;6,158.125;6,520.325;6,858.550;7,287.250;7,639.750;8,073.125;8,577.550;9,062.825;9,630.700;10,252.350;10,581.825;10,936.450;11,458.250;12,213.725;13,036.625;13,814.600;14,451.875;14,712.825;14,448.925;14,992.050;15,542.600;16,197.050;16,784.825;17,527.275;18,238.300;18,745.100;19,542.975;20,611.875;21,433.225;20,932.750;22,675.271;24,003.704;24,892.611;25,790.123;26,719.625;27,659.150;2020
URY;Uruguay;Gross domestic product, current prices;U.S. dollars;Billions;See notes for:  Gross domestic product, current prices (National currency).;12.165;13.578;11.100;6.093;5.794;5.662;7.029;8.794;9.098;9.589;11.156;13.445;15.451;17.999;20.965;23.152;24.613;26.044;27.587;26.066;24.804;22.712;14.809;13.109;14.892;18.901;21.314;25.486;32.988;34.395;43.763;52.103;55.692;62.499;62.178;57.874;57.237;64.234;64.765;62.212;55.711;55.459;58.497;61.091;63.702;66.417;69.117;2019
UZB;Uzbekistan;Gross domestic product, current prices;U.S. dollars;Billions;See notes for:  Gross domestic product, current prices (National currency).;n/a;n/a;n/a;n/a;n/a;n/a;n/a;n/a;n/a;n/a;n/a;n/a;4.361;6.742;7.991;12.459;16.470;17.395;17.683;20.160;16.227;13.760;11.424;11.982;14.198;16.929;20.142;26.389;33.840;39.583;46.686;56.549;63.631;69.008;76.661;81.340;81.323;58.147;50.378;57.726;57.706;61.203;67.144;74.428;82.875;91.964;102.168;2019
VUT;Vanuatu;Gross domestic product, current prices;U.S. dollars;Billions;See notes for:  Gross domestic product, current prices (National currency).;0.121;0.114;0.114;0.117;0.144;0.132;0.128;0.139;0.158;0.154;0.169;0.201;0.209;0.200;0.234;0.249;0.261;0.273;0.262;0.268;0.272;0.257;0.262;0.315;0.365;0.390;0.435;0.517;0.582;0.590;0.652;0.738;0.736;0.755;0.774;0.744;0.775;0.880;0.928;0.924;0.864;0.912;0.974;1.034;1.091;1.151;1.209;2018
VEN;Venezuela;Gross domestic product, current prices;U.S. dollars;Billions;See notes for:  Gross domestic product, current prices (National currency).;69.841;78.367;79.998;79.672;57.826;59.865;60.877;46.854;60.378;44.672;48.391;53.382;60.400;59.865;58.357;77.427;70.536;85.684;91.836;97.517;117.596;123.119;95.258;83.684;112.254;143.375;178.521;232.857;306.764;268.624;318.281;352.540;352.191;258.993;203.822;323.595;279.249;143.841;98.400;63.960;47.255;42.530;40.403;n/a;n/a;n/a;n/a;2018
VNM;Vietnam;Gross domestic product, current prices;U.S. dollars;Billions;See notes for:  Gross domestic product, current prices (National currency).;35.357;17.617;23.369;35.204;61.171;19.045;43.009;53.385;29.501;7.991;8.217;9.704;12.528;16.736;20.712;26.407;31.352;34.146;34.580;36.444;39.585;41.297;44.563;50.233;62.877;73.197;84.301;98.429;124.774;129.054;143.257;171.368;195.168;212.738;232.893;236.840;252.149;277.074;304.016;329.537;340.821;354.868;389.746;428.124;471.420;517.265;567.262;2019
WBG;West Bank and Gaza;Gross domestic product, current prices;U.S. dollars;Billions;See notes for:  Gross domestic product, current prices (National currency).;n/a;n/a;n/a;n/a;n/a;n/a;n/a;n/a;n/a;n/a;n/a;n/a;n/a;n/a;2.843;3.283;3.410;3.760;4.068;4.271;4.314;4.004;3.556;3.968;4.603;5.126;5.348;5.816;7.310;8.086;9.682;11.186;12.208;13.516;13.990;13.972;15.405;16.128;16.277;17.134;15.519;16.481;17.886;18.831;19.559;20.245;20.955;2019
YEM;Yemen;Gross domestic product, current prices;U.S. dollars;Billions;See notes for:  Gross domestic product, current prices (National currency).;n/a;n/a;n/a;n/a;n/a;n/a;n/a;n/a;n/a;n/a;12.644;14.665;17.959;21.737;28.019;12.796;6.496;6.838;6.322;7.639;9.679;9.853;10.693;11.778;13.868;16.732;19.063;21.651;26.911;25.130;30.907;32.726;35.401;40.415;43.229;42.445;30.934;26.736;23.486;22.568;20.140;25.095;25.826;29.102;30.772;32.669;34.334;2019
ZMB;Zambia;Gross domestic product, current prices;U.S. dollars;Billions;See notes for:  Gross domestic product, current prices (National currency).;4.246;4.385;4.232;3.653;3.003;2.848;1.962;2.431;4.095;4.365;4.085;3.690;3.614;3.549;3.657;3.799;3.599;4.303;3.538;3.405;3.601;4.094;4.194;4.902;6.221;8.329;12.762;14.060;17.914;15.332;20.264;23.455;25.502;28.042;27.145;21.245;20.965;25.874;26.312;23.309;18.529;18.955;19.083;19.587;20.294;21.032;21.813;2019
ZWE;Zimbabwe;Gross domestic product, current prices;U.S. dollars;Billions;See notes for:  Gross domestic product, current prices (National currency).;n/a;n/a;n/a;n/a;n/a;n/a;n/a;n/a;n/a;n/a;10.144;9.450;7.793;7.569;7.959;8.263;10.117;10.386;12.099;11.769;11.340;11.244;10.735;9.574;9.465;9.046;8.141;7.785;6.707;9.666;12.042;14.102;17.115;19.091;19.496;19.963;20.054;21.890;21.093;19.273;21.038;26.085;29.363;29.319;29.979;30.880;32.042;2019
;;;;;;;;;;;;;;;;;;;;;;;;;;;;;;;;;;;;;;;;;;;;;;;;;;;;;
International Monetary Fund, World Economic Outlook Database, April 2021;;;;;;;;;;;;;;;;;;;;;;;;;;;;;;;;;;;;;;;;;;;;;;;;;;;;;
